load_backend: loaded BLAS backend from /opt/homebrew/Cellar/ggml/0.24.0/libexec/libggml-blas.so
ggml_metal_device_init: tensor API disabled for pre-M5 and pre-A19 devices
ggml_metal_library_init: using embedded metal library
ggml_metal_library_compile_all: compiled 'fa' library in 0.010 sec
ggml_metal_library_compile_all: compiled 'mul_mv' library in 0.003 sec
ggml_metal_library_compile_all: compiled 'mul_mm' library in 0.002 sec
ggml_metal_library_compile_all: compiled 'quantize' library in 0.011 sec
ggml_metal_library_compile_all: compiled 'softmax' library in 0.011 sec
ggml_metal_library_compile_all: compiled 'norm' library in 0.001 sec
ggml_metal_library_compile_all: compiled 'unary' library in 0.001 sec
ggml_metal_library_compile_all: compiled 'binbcast' library in 0.010 sec
ggml_metal_library_compile_all: compiled 'reduce' library in 0.010 sec
ggml_metal_library_compile_all: compiled 'tri' library in 0.010 sec
ggml_metal_library_compile_all: compiled 'ssm' library in 0.010 sec
ggml_metal_library_compile_all: compiled 'wkv' library in 0.010 sec
ggml_metal_library_compile_all: compiled 'gated_delta_net' library in 0.010 sec
ggml_metal_library_compile_all: compiled 'solve_tri' library in 0.010 sec
ggml_metal_library_compile_all: compiled 'rope' library in 0.010 sec
ggml_metal_library_compile_all: compiled 'conv' library in 0.010 sec
ggml_metal_library_compile_all: compiled 'upscale' library in 0.010 sec
ggml_metal_library_compile_all: compiled 'argsort' library in 0.010 sec
ggml_metal_library_compile_all: compiled 'pool' library in 0.010 sec
ggml_metal_library_compile_all: compiled 'misc' library in 0.010 sec
ggml_metal_library_compile_all: loaded 20 libraries from embedded data in 0.011 sec (max single = 0.011 sec)
ggml_metal_rsets_init: creating a residency set collection (keep_alive = 180 s)
ggml_metal_device_init: GPU name:   MTL0 (Apple M4 Pro)
ggml_metal_device_init: GPU family: MTLGPUFamilyApple9  (1009)
ggml_metal_device_init: GPU family: MTLGPUFamilyCommon3 (3003)
ggml_metal_device_init: GPU family: MTLGPUFamilyMetal4  (5002)
ggml_metal_device_init: simdgroup reduction   = true
ggml_metal_device_init: simdgroup matrix mul. = true
ggml_metal_device_init: has unified memory    = true
ggml_metal_device_init: has bfloat            = true
ggml_metal_device_init: has tensor            = false
ggml_metal_device_init: use residency sets    = true
ggml_metal_device_init: use shared buffers    = true
ggml_metal_device_init: recommendedMaxWorkingSetSize  = 19069.67 MB
load_backend: loaded MTL backend from /opt/homebrew/Cellar/ggml/0.24.0/libexec/libggml-metal.so
load_backend: loaded CPU backend from /opt/homebrew/Cellar/ggml/0.24.0/libexec/libggml-cpu-apple_m4.so
llama_model_loader: loaded meta data with 49 key-value pairs and 601 tensors from models/google_gemma-4-E2B-it-Q4_K_M.gguf (version GGUF V3 (latest))
llama_model_loader: Dumping metadata keys/values. Note: KV overrides do not apply in this output.
llama_model_loader: - kv   0:                       general.architecture str              = gemma4
llama_model_loader: - kv   1:                               general.type str              = model
llama_model_loader: - kv   2:                     general.sampling.top_k i32              = 64
llama_model_loader: - kv   3:                     general.sampling.top_p f32              = 0.950000
llama_model_loader: - kv   4:                      general.sampling.temp f32              = 1.000000
llama_model_loader: - kv   5:                               general.name str              = Gemma 4 E2B It
llama_model_loader: - kv   6:                         general.size_label str              = 4.6B
llama_model_loader: - kv   7:                            general.license str              = apache-2.0
llama_model_loader: - kv   8:                       general.license.link str              = https://ai.google.dev/gemma/docs/gemm...
llama_model_loader: - kv   9:                               general.tags arr[str,1]       = ["any-to-any"]
llama_model_loader: - kv  10:                         gemma4.block_count u32              = 35
llama_model_loader: - kv  11:                      gemma4.context_length u32              = 131072
llama_model_loader: - kv  12:                    gemma4.embedding_length u32              = 1536
llama_model_loader: - kv  13:                 gemma4.feed_forward_length arr[i32,35]      = [6144, 6144, 6144, 6144, 6144, 6144, ...
llama_model_loader: - kv  14:                gemma4.attention.head_count u32              = 8
llama_model_loader: - kv  15:             gemma4.attention.head_count_kv u32              = 1
llama_model_loader: - kv  16:                      gemma4.rope.freq_base f32              = 1000000.000000
llama_model_loader: - kv  17:                  gemma4.rope.freq_base_swa f32              = 10000.000000
llama_model_loader: - kv  18:    gemma4.attention.layer_norm_rms_epsilon f32              = 0.000001
llama_model_loader: - kv  19:                gemma4.attention.key_length u32              = 512
llama_model_loader: - kv  20:              gemma4.attention.value_length u32              = 512
llama_model_loader: - kv  21:             gemma4.final_logit_softcapping f32              = 30.000000
llama_model_loader: - kv  22:            gemma4.attention.sliding_window u32              = 512
llama_model_loader: - kv  23:          gemma4.attention.shared_kv_layers u32              = 20
llama_model_loader: - kv  24:    gemma4.embedding_length_per_layer_input u32              = 256
llama_model_loader: - kv  25:    gemma4.attention.sliding_window_pattern arr[bool,35]     = [true, true, true, true, false, true,...
llama_model_loader: - kv  26:            gemma4.attention.key_length_swa u32              = 256
llama_model_loader: - kv  27:          gemma4.attention.value_length_swa u32              = 256
llama_model_loader: - kv  28:                gemma4.rope.dimension_count u32              = 512
llama_model_loader: - kv  29:            gemma4.rope.dimension_count_swa u32              = 256
llama_model_loader: - kv  30:                       tokenizer.ggml.model str              = gemma4
llama_model_loader: - kv  31:                      tokenizer.ggml.tokens arr[str,262144]  = ["<pad>", "<eos>", "<bos>", "<unk>", ...
llama_model_loader: - kv  32:                      tokenizer.ggml.scores arr[f32,262144]  = [-1000.000000, -1000.000000, -1000.00...
llama_model_loader: - kv  33:                  tokenizer.ggml.token_type arr[i32,262144]  = [3, 3, 3, 3, 3, 1, 1, 1, 1, 1, 1, 1, ...
llama_model_loader: - kv  34:                      tokenizer.ggml.merges arr[str,514906]  = ["\n\n\n\n\n\n\n\n\n\n\n\n\n\n\n\n\n\n\n\n\n\n\n\n\n\n\n\n\n\n \n", ...
llama_model_loader: - kv  35:                tokenizer.ggml.bos_token_id u32              = 2
llama_model_loader: - kv  36:                tokenizer.ggml.eos_token_id u32              = 1
llama_model_loader: - kv  37:            tokenizer.ggml.unknown_token_id u32              = 3
llama_model_loader: - kv  38:            tokenizer.ggml.padding_token_id u32              = 0
llama_model_loader: - kv  39:               tokenizer.ggml.mask_token_id u32              = 4
llama_model_loader: - kv  40:            tokenizer.ggml.add_space_prefix bool             = false
llama_model_loader: - kv  41:               tokenizer.ggml.add_bos_token bool             = true
llama_model_loader: - kv  42:               general.quantization_version u32              = 2
llama_model_loader: - kv  43:                          general.file_type u32              = 15
llama_model_loader: - kv  44:                      quantize.imatrix.file str              = /models_out/gemma-4-E2B-it-GGUF/googl...
llama_model_loader: - kv  45:                   quantize.imatrix.dataset str              = /training_dir/calibration_datav5.txt
llama_model_loader: - kv  46:             quantize.imatrix.entries_count u32              = 275
llama_model_loader: - kv  47:              quantize.imatrix.chunks_count u32              = 822
llama_model_loader: - kv  48:                    tokenizer.chat_template str              = {#\n  Template: Google Gemma 4 Canonic...
llama_model_loader: - type  f32:  283 tensors
llama_model_loader: - type q4_K:  194 tensors
llama_model_loader: - type q5_K:   70 tensors
llama_model_loader: - type q6_K:   53 tensors
llama_model_loader: - type bf16:    1 tensors
print_info: file format = GGUF V3 (latest)
print_info: file type   = Q4_K - Medium
print_info: file size   = 3.21 GiB (5.93 BPW) 
llama_prepare_model_devices: using device MTL0 (Apple M4 Pro) (unknown id) - 18185 MiB free
init_tokenizer: initializing tokenizer for type 2
load: 0 unused tokens
load: control token: 258883 '<audio|>' is not marked as EOG
load: control token: 258881 '<|audio|>' is not marked as EOG
load: control token: 258880 '<|image|>' is not marked as EOG
load: control token: 256000 '<|audio>' is not marked as EOG
load: control token: 255999 '<|image>' is not marked as EOG
load: control token:    105 '<|turn>' is not marked as EOG
load: control token: 258882 '<image|>' is not marked as EOG
load: control-looking token:     50 '<|tool_response>' was not control-type; this is probably a bug in the model. its type will be overridden
load: control token:     46 '<|tool>' is not marked as EOG
load: control token:      3 '<unk>' is not marked as EOG
load: control-looking token:    212 '</s>' was not control-type; this is probably a bug in the model. its type will be overridden
load: control token: 258884 '<|video|>' is not marked as EOG
load: control token:     47 '<tool|>' is not marked as EOG
load: control token:      4 '<mask>' is not marked as EOG
load: control token:      2 '<bos>' is not marked as EOG
load: control token:     98 '<|think|>' is not marked as EOG
load: control token:      0 '<pad>' is not marked as EOG
load: printing all EOG tokens:
load:   - 1 ('<eos>')
load:   - 50 ('<|tool_response>')
load:   - 106 ('<turn|>')
load:   - 212 ('</s>')
load: special_eog_ids contains '<|tool_response>', removing '</s>' token from EOG list
load: special tokens cache size = 24
load: token to piece cache size = 1.9445 MB
print_info: arch                  = gemma4
print_info: vocab_only            = 0
print_info: no_alloc              = 0
print_info: n_ctx_train           = 131072
print_info: n_embd_inp            = 1536
print_info: n_embd                = 1536
print_info: n_embd_out            = 1536
print_info: n_layer               = 35
print_info: n_layer_all           = 35
print_info: n_head                = 8
print_info: n_head_kv             = 1
print_info: n_rot                 = 512
print_info: n_swa                 = 512
print_info: is_swa_any            = 1
print_info: non_causal_type       = 1
print_info: n_embd_head_k         = 512
print_info: n_embd_head_v         = 512
print_info: n_gqa                 = 8
print_info: n_embd_k_gqa          = [256, 256, 256, 256, 512, 256, 256, 256, 256, 512, 256, 256, 256, 256, 512, 256, 256, 256, 256, 512, 256, 256, 256, 256, 512, 256, 256, 256, 256, 512, 256, 256, 256, 256, 512]
print_info: n_embd_v_gqa          = [256, 256, 256, 256, 512, 256, 256, 256, 256, 512, 256, 256, 256, 256, 512, 256, 256, 256, 256, 512, 256, 256, 256, 256, 512, 256, 256, 256, 256, 512, 256, 256, 256, 256, 512]
print_info: f_norm_eps            = 0.0e+00
print_info: f_norm_rms_eps        = 1.0e-06
print_info: f_clamp_kqv           = 0.0e+00
print_info: f_max_alibi_bias      = 0.0e+00
print_info: f_logit_scale         = 0.0e+00
print_info: f_attn_scale          = 1.0e+00
print_info: f_attn_value_scale    = 0.0000
print_info: n_ff                  = [6144, 6144, 6144, 6144, 6144, 6144, 6144, 6144, 6144, 6144, 6144, 6144, 6144, 6144, 6144, 12288, 12288, 12288, 12288, 12288, 12288, 12288, 12288, 12288, 12288, 12288, 12288, 12288, 12288, 12288, 12288, 12288, 12288, 12288, 12288]
print_info: n_expert              = 0
print_info: n_expert_used         = 0
print_info: n_expert_groups       = 0
print_info: n_group_used          = 0
print_info: causal attn           = 1
print_info: pooling type          = -1
print_info: rope type             = 2
print_info: rope scaling          = linear
print_info: freq_base_train       = 1000000.0
print_info: freq_scale_train      = 1
print_info: freq_base_swa         = 10000.0
print_info: freq_scale_swa        = 1
print_info: n_embd_head_k_swa     = 256
print_info: n_embd_head_v_swa     = 256
print_info: n_rot_swa             = 256
print_info: n_ctx_orig_yarn       = 131072
print_info: rope_yarn_log_mul     = 0.0000
print_info: rope_finetuned        = unknown
print_info: model type            = E2B
print_info: model params          = 4.65 B
print_info: general.name          = Gemma 4 E2B It
print_info: vocab type            = BPE
print_info: n_vocab               = 262144
print_info: n_merges              = 514906
print_info: BOS token             = 2 '<bos>'
print_info: EOS token             = 1 '<eos>'
print_info: UNK token             = 3 '<unk>'
print_info: PAD token             = 0 '<pad>'
print_info: MASK token            = 4 '<mask>'
print_info: LF token              = 107 '
'
print_info: EOG token             = 1 '<eos>'
print_info: EOG token             = 50 '<|tool_response>'
print_info: EOG token             = 106 '<turn|>'
print_info: max token length      = 93
load_tensors: loading model tensors, this can take a while... (load_mode = mmap)
load_tensors: layer   0 assigned to device MTL0, is_swa = 1
load_tensors: layer   1 assigned to device MTL0, is_swa = 1
load_tensors: layer   2 assigned to device MTL0, is_swa = 1
load_tensors: layer   3 assigned to device MTL0, is_swa = 1
load_tensors: layer   4 assigned to device MTL0, is_swa = 0
load_tensors: layer   5 assigned to device MTL0, is_swa = 1
load_tensors: layer   6 assigned to device MTL0, is_swa = 1
load_tensors: layer   7 assigned to device MTL0, is_swa = 1
load_tensors: layer   8 assigned to device MTL0, is_swa = 1
load_tensors: layer   9 assigned to device MTL0, is_swa = 0
load_tensors: layer  10 assigned to device MTL0, is_swa = 1
load_tensors: layer  11 assigned to device MTL0, is_swa = 1
load_tensors: layer  12 assigned to device MTL0, is_swa = 1
load_tensors: layer  13 assigned to device MTL0, is_swa = 1
load_tensors: layer  14 assigned to device MTL0, is_swa = 0
load_tensors: layer  15 assigned to device MTL0, is_swa = 1
load_tensors: layer  16 assigned to device MTL0, is_swa = 1
load_tensors: layer  17 assigned to device MTL0, is_swa = 1
load_tensors: layer  18 assigned to device MTL0, is_swa = 1
load_tensors: layer  19 assigned to device MTL0, is_swa = 0
load_tensors: layer  20 assigned to device MTL0, is_swa = 1
load_tensors: layer  21 assigned to device MTL0, is_swa = 1
load_tensors: layer  22 assigned to device MTL0, is_swa = 1
load_tensors: layer  23 assigned to device MTL0, is_swa = 1
load_tensors: layer  24 assigned to device MTL0, is_swa = 0
load_tensors: layer  25 assigned to device MTL0, is_swa = 1
load_tensors: layer  26 assigned to device MTL0, is_swa = 1
load_tensors: layer  27 assigned to device MTL0, is_swa = 1
load_tensors: layer  28 assigned to device MTL0, is_swa = 1
load_tensors: layer  29 assigned to device MTL0, is_swa = 0
load_tensors: layer  30 assigned to device MTL0, is_swa = 1
load_tensors: layer  31 assigned to device MTL0, is_swa = 1
load_tensors: layer  32 assigned to device MTL0, is_swa = 1
load_tensors: layer  33 assigned to device MTL0, is_swa = 1
load_tensors: layer  34 assigned to device MTL0, is_swa = 0
load_tensors: layer  35 assigned to device MTL0, is_swa = 0
create_tensor: loading tensor output.weight
create_tensor: loading tensor token_embd.weight
create_tensor: loading tensor token_embd.weight
create_tensor: loading tensor per_layer_token_embd.weight
create_tensor: loading tensor per_layer_model_proj.weight
create_tensor: loading tensor per_layer_proj_norm.weight
create_tensor: loading tensor output_norm.weight
create_tensor: loading tensor blk.0.attn_norm.weight
create_tensor: loading tensor blk.0.attn_qkv.weight
create_tensor: loading tensor blk.0.attn_q.weight
create_tensor: loading tensor blk.0.attn_k.weight
create_tensor: loading tensor blk.0.attn_v.weight
create_tensor: loading tensor blk.0.attn_output.weight
create_tensor: loading tensor blk.0.attn_q_norm.weight
create_tensor: loading tensor blk.0.attn_k_norm.weight
create_tensor: loading tensor blk.0.post_attention_norm.weight
create_tensor: loading tensor blk.0.layer_output_scale.weight
create_tensor: loading tensor blk.0.ffn_norm.weight
create_tensor: loading tensor blk.0.ffn_gate.weight
create_tensor: loading tensor blk.0.ffn_up.weight
create_tensor: loading tensor blk.0.ffn_down.weight
create_tensor: loading tensor blk.0.post_ffw_norm.weight
create_tensor: loading tensor blk.0.ffn_gate_inp.weight
create_tensor: loading tensor blk.0.inp_gate.weight
create_tensor: loading tensor blk.0.proj.weight
create_tensor: loading tensor blk.0.post_norm.weight
create_tensor: loading tensor blk.1.attn_norm.weight
create_tensor: loading tensor blk.1.attn_qkv.weight
create_tensor: loading tensor blk.1.attn_q.weight
create_tensor: loading tensor blk.1.attn_k.weight
create_tensor: loading tensor blk.1.attn_v.weight
create_tensor: loading tensor blk.1.attn_output.weight
create_tensor: loading tensor blk.1.attn_q_norm.weight
create_tensor: loading tensor blk.1.attn_k_norm.weight
create_tensor: loading tensor blk.1.post_attention_norm.weight
create_tensor: loading tensor blk.1.layer_output_scale.weight
create_tensor: loading tensor blk.1.ffn_norm.weight
create_tensor: loading tensor blk.1.ffn_gate.weight
create_tensor: loading tensor blk.1.ffn_up.weight
create_tensor: loading tensor blk.1.ffn_down.weight
create_tensor: loading tensor blk.1.post_ffw_norm.weight
create_tensor: loading tensor blk.1.ffn_gate_inp.weight
create_tensor: loading tensor blk.1.inp_gate.weight
create_tensor: loading tensor blk.1.proj.weight
create_tensor: loading tensor blk.1.post_norm.weight
create_tensor: loading tensor blk.2.attn_norm.weight
create_tensor: loading tensor blk.2.attn_qkv.weight
create_tensor: loading tensor blk.2.attn_q.weight
create_tensor: loading tensor blk.2.attn_k.weight
create_tensor: loading tensor blk.2.attn_v.weight
create_tensor: loading tensor blk.2.attn_output.weight
create_tensor: loading tensor blk.2.attn_q_norm.weight
create_tensor: loading tensor blk.2.attn_k_norm.weight
create_tensor: loading tensor blk.2.post_attention_norm.weight
create_tensor: loading tensor blk.2.layer_output_scale.weight
create_tensor: loading tensor blk.2.ffn_norm.weight
create_tensor: loading tensor blk.2.ffn_gate.weight
create_tensor: loading tensor blk.2.ffn_up.weight
create_tensor: loading tensor blk.2.ffn_down.weight
create_tensor: loading tensor blk.2.post_ffw_norm.weight
create_tensor: loading tensor blk.2.ffn_gate_inp.weight
create_tensor: loading tensor blk.2.inp_gate.weight
create_tensor: loading tensor blk.2.proj.weight
create_tensor: loading tensor blk.2.post_norm.weight
create_tensor: loading tensor blk.3.attn_norm.weight
create_tensor: loading tensor blk.3.attn_qkv.weight
create_tensor: loading tensor blk.3.attn_q.weight
create_tensor: loading tensor blk.3.attn_k.weight
create_tensor: loading tensor blk.3.attn_v.weight
create_tensor: loading tensor blk.3.attn_output.weight
create_tensor: loading tensor blk.3.attn_q_norm.weight
create_tensor: loading tensor blk.3.attn_k_norm.weight
create_tensor: loading tensor blk.3.post_attention_norm.weight
create_tensor: loading tensor blk.3.layer_output_scale.weight
create_tensor: loading tensor blk.3.ffn_norm.weight
create_tensor: loading tensor blk.3.ffn_gate.weight
create_tensor: loading tensor blk.3.ffn_up.weight
create_tensor: loading tensor blk.3.ffn_down.weight
create_tensor: loading tensor blk.3.post_ffw_norm.weight
create_tensor: loading tensor blk.3.ffn_gate_inp.weight
create_tensor: loading tensor blk.3.inp_gate.weight
create_tensor: loading tensor blk.3.proj.weight
create_tensor: loading tensor blk.3.post_norm.weight
create_tensor: loading tensor blk.4.attn_norm.weight
create_tensor: loading tensor blk.4.attn_qkv.weight
create_tensor: loading tensor blk.4.attn_q.weight
create_tensor: loading tensor blk.4.attn_k.weight
create_tensor: loading tensor blk.4.attn_v.weight
create_tensor: loading tensor blk.4.attn_output.weight
create_tensor: loading tensor blk.4.attn_q_norm.weight
create_tensor: loading tensor blk.4.attn_k_norm.weight
create_tensor: loading tensor blk.4.post_attention_norm.weight
create_tensor: loading tensor blk.4.layer_output_scale.weight
create_tensor: loading tensor rope_freqs.weight
create_tensor: loading tensor blk.4.ffn_norm.weight
create_tensor: loading tensor blk.4.ffn_gate.weight
create_tensor: loading tensor blk.4.ffn_up.weight
create_tensor: loading tensor blk.4.ffn_down.weight
create_tensor: loading tensor blk.4.post_ffw_norm.weight
create_tensor: loading tensor blk.4.ffn_gate_inp.weight
create_tensor: loading tensor blk.4.inp_gate.weight
create_tensor: loading tensor blk.4.proj.weight
create_tensor: loading tensor blk.4.post_norm.weight
create_tensor: loading tensor blk.5.attn_norm.weight
create_tensor: loading tensor blk.5.attn_qkv.weight
create_tensor: loading tensor blk.5.attn_q.weight
create_tensor: loading tensor blk.5.attn_k.weight
create_tensor: loading tensor blk.5.attn_v.weight
create_tensor: loading tensor blk.5.attn_output.weight
create_tensor: loading tensor blk.5.attn_q_norm.weight
create_tensor: loading tensor blk.5.attn_k_norm.weight
create_tensor: loading tensor blk.5.post_attention_norm.weight
create_tensor: loading tensor blk.5.layer_output_scale.weight
create_tensor: loading tensor blk.5.ffn_norm.weight
create_tensor: loading tensor blk.5.ffn_gate.weight
create_tensor: loading tensor blk.5.ffn_up.weight
create_tensor: loading tensor blk.5.ffn_down.weight
create_tensor: loading tensor blk.5.post_ffw_norm.weight
create_tensor: loading tensor blk.5.ffn_gate_inp.weight
create_tensor: loading tensor blk.5.inp_gate.weight
create_tensor: loading tensor blk.5.proj.weight
create_tensor: loading tensor blk.5.post_norm.weight
create_tensor: loading tensor blk.6.attn_norm.weight
create_tensor: loading tensor blk.6.attn_qkv.weight
create_tensor: loading tensor blk.6.attn_q.weight
create_tensor: loading tensor blk.6.attn_k.weight
create_tensor: loading tensor blk.6.attn_v.weight
create_tensor: loading tensor blk.6.attn_output.weight
create_tensor: loading tensor blk.6.attn_q_norm.weight
create_tensor: loading tensor blk.6.attn_k_norm.weight
create_tensor: loading tensor blk.6.post_attention_norm.weight
create_tensor: loading tensor blk.6.layer_output_scale.weight
create_tensor: loading tensor blk.6.ffn_norm.weight
create_tensor: loading tensor blk.6.ffn_gate.weight
create_tensor: loading tensor blk.6.ffn_up.weight
create_tensor: loading tensor blk.6.ffn_down.weight
create_tensor: loading tensor blk.6.post_ffw_norm.weight
create_tensor: loading tensor blk.6.ffn_gate_inp.weight
create_tensor: loading tensor blk.6.inp_gate.weight
create_tensor: loading tensor blk.6.proj.weight
create_tensor: loading tensor blk.6.post_norm.weight
create_tensor: loading tensor blk.7.attn_norm.weight
create_tensor: loading tensor blk.7.attn_qkv.weight
create_tensor: loading tensor blk.7.attn_q.weight
create_tensor: loading tensor blk.7.attn_k.weight
create_tensor: loading tensor blk.7.attn_v.weight
create_tensor: loading tensor blk.7.attn_output.weight
create_tensor: loading tensor blk.7.attn_q_norm.weight
create_tensor: loading tensor blk.7.attn_k_norm.weight
create_tensor: loading tensor blk.7.post_attention_norm.weight
create_tensor: loading tensor blk.7.layer_output_scale.weight
create_tensor: loading tensor blk.7.ffn_norm.weight
create_tensor: loading tensor blk.7.ffn_gate.weight
create_tensor: loading tensor blk.7.ffn_up.weight
create_tensor: loading tensor blk.7.ffn_down.weight
create_tensor: loading tensor blk.7.post_ffw_norm.weight
create_tensor: loading tensor blk.7.ffn_gate_inp.weight
create_tensor: loading tensor blk.7.inp_gate.weight
create_tensor: loading tensor blk.7.proj.weight
create_tensor: loading tensor blk.7.post_norm.weight
create_tensor: loading tensor blk.8.attn_norm.weight
create_tensor: loading tensor blk.8.attn_qkv.weight
create_tensor: loading tensor blk.8.attn_q.weight
create_tensor: loading tensor blk.8.attn_k.weight
create_tensor: loading tensor blk.8.attn_v.weight
create_tensor: loading tensor blk.8.attn_output.weight
create_tensor: loading tensor blk.8.attn_q_norm.weight
create_tensor: loading tensor blk.8.attn_k_norm.weight
create_tensor: loading tensor blk.8.post_attention_norm.weight
create_tensor: loading tensor blk.8.layer_output_scale.weight
create_tensor: loading tensor blk.8.ffn_norm.weight
create_tensor: loading tensor blk.8.ffn_gate.weight
create_tensor: loading tensor blk.8.ffn_up.weight
create_tensor: loading tensor blk.8.ffn_down.weight
create_tensor: loading tensor blk.8.post_ffw_norm.weight
create_tensor: loading tensor blk.8.ffn_gate_inp.weight
create_tensor: loading tensor blk.8.inp_gate.weight
create_tensor: loading tensor blk.8.proj.weight
create_tensor: loading tensor blk.8.post_norm.weight
create_tensor: loading tensor blk.9.attn_norm.weight
create_tensor: loading tensor blk.9.attn_qkv.weight
create_tensor: loading tensor blk.9.attn_q.weight
create_tensor: loading tensor blk.9.attn_k.weight
create_tensor: loading tensor blk.9.attn_v.weight
create_tensor: loading tensor blk.9.attn_output.weight
create_tensor: loading tensor blk.9.attn_q_norm.weight
create_tensor: loading tensor blk.9.attn_k_norm.weight
create_tensor: loading tensor blk.9.post_attention_norm.weight
create_tensor: loading tensor blk.9.layer_output_scale.weight
create_tensor: loading tensor rope_freqs.weight
create_tensor: loading tensor blk.9.ffn_norm.weight
create_tensor: loading tensor blk.9.ffn_gate.weight
create_tensor: loading tensor blk.9.ffn_up.weight
create_tensor: loading tensor blk.9.ffn_down.weight
create_tensor: loading tensor blk.9.post_ffw_norm.weight
create_tensor: loading tensor blk.9.ffn_gate_inp.weight
create_tensor: loading tensor blk.9.inp_gate.weight
create_tensor: loading tensor blk.9.proj.weight
create_tensor: loading tensor blk.9.post_norm.weight
create_tensor: loading tensor blk.10.attn_norm.weight
create_tensor: loading tensor blk.10.attn_qkv.weight
create_tensor: loading tensor blk.10.attn_q.weight
create_tensor: loading tensor blk.10.attn_k.weight
create_tensor: loading tensor blk.10.attn_v.weight
create_tensor: loading tensor blk.10.attn_output.weight
create_tensor: loading tensor blk.10.attn_q_norm.weight
create_tensor: loading tensor blk.10.attn_k_norm.weight
create_tensor: loading tensor blk.10.post_attention_norm.weight
create_tensor: loading tensor blk.10.layer_output_scale.weight
create_tensor: loading tensor blk.10.ffn_norm.weight
create_tensor: loading tensor blk.10.ffn_gate.weight
create_tensor: loading tensor blk.10.ffn_up.weight
create_tensor: loading tensor blk.10.ffn_down.weight
create_tensor: loading tensor blk.10.post_ffw_norm.weight
create_tensor: loading tensor blk.10.ffn_gate_inp.weight
create_tensor: loading tensor blk.10.inp_gate.weight
create_tensor: loading tensor blk.10.proj.weight
create_tensor: loading tensor blk.10.post_norm.weight
create_tensor: loading tensor blk.11.attn_norm.weight
create_tensor: loading tensor blk.11.attn_qkv.weight
create_tensor: loading tensor blk.11.attn_q.weight
create_tensor: loading tensor blk.11.attn_k.weight
create_tensor: loading tensor blk.11.attn_v.weight
create_tensor: loading tensor blk.11.attn_output.weight
create_tensor: loading tensor blk.11.attn_q_norm.weight
create_tensor: loading tensor blk.11.attn_k_norm.weight
create_tensor: loading tensor blk.11.post_attention_norm.weight
create_tensor: loading tensor blk.11.layer_output_scale.weight
create_tensor: loading tensor blk.11.ffn_norm.weight
create_tensor: loading tensor blk.11.ffn_gate.weight
create_tensor: loading tensor blk.11.ffn_up.weight
create_tensor: loading tensor blk.11.ffn_down.weight
create_tensor: loading tensor blk.11.post_ffw_norm.weight
create_tensor: loading tensor blk.11.ffn_gate_inp.weight
create_tensor: loading tensor blk.11.inp_gate.weight
create_tensor: loading tensor blk.11.proj.weight
create_tensor: loading tensor blk.11.post_norm.weight
create_tensor: loading tensor blk.12.attn_norm.weight
create_tensor: loading tensor blk.12.attn_qkv.weight
create_tensor: loading tensor blk.12.attn_q.weight
create_tensor: loading tensor blk.12.attn_k.weight
create_tensor: loading tensor blk.12.attn_v.weight
create_tensor: loading tensor blk.12.attn_output.weight
create_tensor: loading tensor blk.12.attn_q_norm.weight
create_tensor: loading tensor blk.12.attn_k_norm.weight
create_tensor: loading tensor blk.12.post_attention_norm.weight
create_tensor: loading tensor blk.12.layer_output_scale.weight
create_tensor: loading tensor blk.12.ffn_norm.weight
create_tensor: loading tensor blk.12.ffn_gate.weight
create_tensor: loading tensor blk.12.ffn_up.weight
create_tensor: loading tensor blk.12.ffn_down.weight
create_tensor: loading tensor blk.12.post_ffw_norm.weight
create_tensor: loading tensor blk.12.ffn_gate_inp.weight
create_tensor: loading tensor blk.12.inp_gate.weight
create_tensor: loading tensor blk.12.proj.weight
create_tensor: loading tensor blk.12.post_norm.weight
create_tensor: loading tensor blk.13.attn_norm.weight
create_tensor: loading tensor blk.13.attn_qkv.weight
create_tensor: loading tensor blk.13.attn_q.weight
create_tensor: loading tensor blk.13.attn_k.weight
create_tensor: loading tensor blk.13.attn_v.weight
create_tensor: loading tensor blk.13.attn_output.weight
create_tensor: loading tensor blk.13.attn_q_norm.weight
create_tensor: loading tensor blk.13.attn_k_norm.weight
create_tensor: loading tensor blk.13.post_attention_norm.weight
create_tensor: loading tensor blk.13.layer_output_scale.weight
create_tensor: loading tensor blk.13.ffn_norm.weight
create_tensor: loading tensor blk.13.ffn_gate.weight
create_tensor: loading tensor blk.13.ffn_up.weight
create_tensor: loading tensor blk.13.ffn_down.weight
create_tensor: loading tensor blk.13.post_ffw_norm.weight
create_tensor: loading tensor blk.13.ffn_gate_inp.weight
create_tensor: loading tensor blk.13.inp_gate.weight
create_tensor: loading tensor blk.13.proj.weight
create_tensor: loading tensor blk.13.post_norm.weight
create_tensor: loading tensor blk.14.attn_norm.weight
create_tensor: loading tensor blk.14.attn_qkv.weight
create_tensor: loading tensor blk.14.attn_q.weight
create_tensor: loading tensor blk.14.attn_k.weight
create_tensor: loading tensor blk.14.attn_v.weight
create_tensor: loading tensor blk.14.attn_output.weight
create_tensor: loading tensor blk.14.attn_q_norm.weight
create_tensor: loading tensor blk.14.attn_k_norm.weight
create_tensor: loading tensor blk.14.post_attention_norm.weight
create_tensor: loading tensor blk.14.layer_output_scale.weight
create_tensor: loading tensor rope_freqs.weight
create_tensor: loading tensor blk.14.ffn_norm.weight
create_tensor: loading tensor blk.14.ffn_gate.weight
create_tensor: loading tensor blk.14.ffn_up.weight
create_tensor: loading tensor blk.14.ffn_down.weight
create_tensor: loading tensor blk.14.post_ffw_norm.weight
create_tensor: loading tensor blk.14.ffn_gate_inp.weight
create_tensor: loading tensor blk.14.inp_gate.weight
create_tensor: loading tensor blk.14.proj.weight
create_tensor: loading tensor blk.14.post_norm.weight
create_tensor: loading tensor blk.15.attn_norm.weight
create_tensor: loading tensor blk.15.attn_qkv.weight
create_tensor: loading tensor blk.15.attn_q.weight
create_tensor: loading tensor blk.15.attn_k.weight
create_tensor: loading tensor blk.15.attn_v.weight
create_tensor: loading tensor blk.15.attn_output.weight
create_tensor: loading tensor blk.15.attn_q_norm.weight
create_tensor: loading tensor blk.15.attn_k_norm.weight
create_tensor: loading tensor blk.15.post_attention_norm.weight
create_tensor: loading tensor blk.15.layer_output_scale.weight
create_tensor: loading tensor blk.15.ffn_norm.weight
create_tensor: loading tensor blk.15.ffn_gate.weight
create_tensor: loading tensor blk.15.ffn_up.weight
create_tensor: loading tensor blk.15.ffn_down.weight
create_tensor: loading tensor blk.15.post_ffw_norm.weight
create_tensor: loading tensor blk.15.ffn_gate_inp.weight
create_tensor: loading tensor blk.15.inp_gate.weight
create_tensor: loading tensor blk.15.proj.weight
create_tensor: loading tensor blk.15.post_norm.weight
create_tensor: loading tensor blk.16.attn_norm.weight
create_tensor: loading tensor blk.16.attn_qkv.weight
create_tensor: loading tensor blk.16.attn_q.weight
create_tensor: loading tensor blk.16.attn_k.weight
create_tensor: loading tensor blk.16.attn_v.weight
create_tensor: loading tensor blk.16.attn_output.weight
create_tensor: loading tensor blk.16.attn_q_norm.weight
create_tensor: loading tensor blk.16.attn_k_norm.weight
create_tensor: loading tensor blk.16.post_attention_norm.weight
create_tensor: loading tensor blk.16.layer_output_scale.weight
create_tensor: loading tensor blk.16.ffn_norm.weight
create_tensor: loading tensor blk.16.ffn_gate.weight
create_tensor: loading tensor blk.16.ffn_up.weight
create_tensor: loading tensor blk.16.ffn_down.weight
create_tensor: loading tensor blk.16.post_ffw_norm.weight
create_tensor: loading tensor blk.16.ffn_gate_inp.weight
create_tensor: loading tensor blk.16.inp_gate.weight
create_tensor: loading tensor blk.16.proj.weight
create_tensor: loading tensor blk.16.post_norm.weight
create_tensor: loading tensor blk.17.attn_norm.weight
create_tensor: loading tensor blk.17.attn_qkv.weight
create_tensor: loading tensor blk.17.attn_q.weight
create_tensor: loading tensor blk.17.attn_k.weight
create_tensor: loading tensor blk.17.attn_v.weight
create_tensor: loading tensor blk.17.attn_output.weight
create_tensor: loading tensor blk.17.attn_q_norm.weight
create_tensor: loading tensor blk.17.attn_k_norm.weight
create_tensor: loading tensor blk.17.post_attention_norm.weight
create_tensor: loading tensor blk.17.layer_output_scale.weight
create_tensor: loading tensor blk.17.ffn_norm.weight
create_tensor: loading tensor blk.17.ffn_gate.weight
create_tensor: loading tensor blk.17.ffn_up.weight
create_tensor: loading tensor blk.17.ffn_down.weight
create_tensor: loading tensor blk.17.post_ffw_norm.weight
create_tensor: loading tensor blk.17.ffn_gate_inp.weight
create_tensor: loading tensor blk.17.inp_gate.weight
create_tensor: loading tensor blk.17.proj.weight
create_tensor: loading tensor blk.17.post_norm.weight
create_tensor: loading tensor blk.18.attn_norm.weight
create_tensor: loading tensor blk.18.attn_qkv.weight
create_tensor: loading tensor blk.18.attn_q.weight
create_tensor: loading tensor blk.18.attn_k.weight
create_tensor: loading tensor blk.18.attn_v.weight
create_tensor: loading tensor blk.18.attn_output.weight
create_tensor: loading tensor blk.18.attn_q_norm.weight
create_tensor: loading tensor blk.18.attn_k_norm.weight
create_tensor: loading tensor blk.18.post_attention_norm.weight
create_tensor: loading tensor blk.18.layer_output_scale.weight
create_tensor: loading tensor blk.18.ffn_norm.weight
create_tensor: loading tensor blk.18.ffn_gate.weight
create_tensor: loading tensor blk.18.ffn_up.weight
create_tensor: loading tensor blk.18.ffn_down.weight
create_tensor: loading tensor blk.18.post_ffw_norm.weight
create_tensor: loading tensor blk.18.ffn_gate_inp.weight
create_tensor: loading tensor blk.18.inp_gate.weight
create_tensor: loading tensor blk.18.proj.weight
create_tensor: loading tensor blk.18.post_norm.weight
create_tensor: loading tensor blk.19.attn_norm.weight
create_tensor: loading tensor blk.19.attn_qkv.weight
create_tensor: loading tensor blk.19.attn_q.weight
create_tensor: loading tensor blk.19.attn_k.weight
create_tensor: loading tensor blk.19.attn_v.weight
create_tensor: loading tensor blk.19.attn_output.weight
create_tensor: loading tensor blk.19.attn_q_norm.weight
create_tensor: loading tensor blk.19.attn_k_norm.weight
create_tensor: loading tensor blk.19.post_attention_norm.weight
create_tensor: loading tensor blk.19.layer_output_scale.weight
create_tensor: loading tensor rope_freqs.weight
create_tensor: loading tensor blk.19.ffn_norm.weight
create_tensor: loading tensor blk.19.ffn_gate.weight
create_tensor: loading tensor blk.19.ffn_up.weight
create_tensor: loading tensor blk.19.ffn_down.weight
create_tensor: loading tensor blk.19.post_ffw_norm.weight
create_tensor: loading tensor blk.19.ffn_gate_inp.weight
create_tensor: loading tensor blk.19.inp_gate.weight
create_tensor: loading tensor blk.19.proj.weight
create_tensor: loading tensor blk.19.post_norm.weight
create_tensor: loading tensor blk.20.attn_norm.weight
create_tensor: loading tensor blk.20.attn_qkv.weight
create_tensor: loading tensor blk.20.attn_q.weight
create_tensor: loading tensor blk.20.attn_k.weight
create_tensor: loading tensor blk.20.attn_v.weight
create_tensor: loading tensor blk.20.attn_output.weight
create_tensor: loading tensor blk.20.attn_q_norm.weight
create_tensor: loading tensor blk.20.attn_k_norm.weight
create_tensor: loading tensor blk.20.post_attention_norm.weight
create_tensor: loading tensor blk.20.layer_output_scale.weight
create_tensor: loading tensor blk.20.ffn_norm.weight
create_tensor: loading tensor blk.20.ffn_gate.weight
create_tensor: loading tensor blk.20.ffn_up.weight
create_tensor: loading tensor blk.20.ffn_down.weight
create_tensor: loading tensor blk.20.post_ffw_norm.weight
create_tensor: loading tensor blk.20.ffn_gate_inp.weight
create_tensor: loading tensor blk.20.inp_gate.weight
create_tensor: loading tensor blk.20.proj.weight
create_tensor: loading tensor blk.20.post_norm.weight
create_tensor: loading tensor blk.21.attn_norm.weight
create_tensor: loading tensor blk.21.attn_qkv.weight
create_tensor: loading tensor blk.21.attn_q.weight
create_tensor: loading tensor blk.21.attn_k.weight
create_tensor: loading tensor blk.21.attn_v.weight
create_tensor: loading tensor blk.21.attn_output.weight
create_tensor: loading tensor blk.21.attn_q_norm.weight
create_tensor: loading tensor blk.21.attn_k_norm.weight
create_tensor: loading tensor blk.21.post_attention_norm.weight
create_tensor: loading tensor blk.21.layer_output_scale.weight
create_tensor: loading tensor blk.21.ffn_norm.weight
create_tensor: loading tensor blk.21.ffn_gate.weight
create_tensor: loading tensor blk.21.ffn_up.weight
create_tensor: loading tensor blk.21.ffn_down.weight
create_tensor: loading tensor blk.21.post_ffw_norm.weight
create_tensor: loading tensor blk.21.ffn_gate_inp.weight
create_tensor: loading tensor blk.21.inp_gate.weight
create_tensor: loading tensor blk.21.proj.weight
create_tensor: loading tensor blk.21.post_norm.weight
create_tensor: loading tensor blk.22.attn_norm.weight
create_tensor: loading tensor blk.22.attn_qkv.weight
create_tensor: loading tensor blk.22.attn_q.weight
create_tensor: loading tensor blk.22.attn_k.weight
create_tensor: loading tensor blk.22.attn_v.weight
create_tensor: loading tensor blk.22.attn_output.weight
create_tensor: loading tensor blk.22.attn_q_norm.weight
create_tensor: loading tensor blk.22.attn_k_norm.weight
create_tensor: loading tensor blk.22.post_attention_norm.weight
create_tensor: loading tensor blk.22.layer_output_scale.weight
create_tensor: loading tensor blk.22.ffn_norm.weight
create_tensor: loading tensor blk.22.ffn_gate.weight
create_tensor: loading tensor blk.22.ffn_up.weight
create_tensor: loading tensor blk.22.ffn_down.weight
create_tensor: loading tensor blk.22.post_ffw_norm.weight
create_tensor: loading tensor blk.22.ffn_gate_inp.weight
create_tensor: loading tensor blk.22.inp_gate.weight
create_tensor: loading tensor blk.22.proj.weight
create_tensor: loading tensor blk.22.post_norm.weight
create_tensor: loading tensor blk.23.attn_norm.weight
create_tensor: loading tensor blk.23.attn_qkv.weight
create_tensor: loading tensor blk.23.attn_q.weight
create_tensor: loading tensor blk.23.attn_k.weight
create_tensor: loading tensor blk.23.attn_v.weight
create_tensor: loading tensor blk.23.attn_output.weight
create_tensor: loading tensor blk.23.attn_q_norm.weight
create_tensor: loading tensor blk.23.attn_k_norm.weight
create_tensor: loading tensor blk.23.post_attention_norm.weight
create_tensor: loading tensor blk.23.layer_output_scale.weight
create_tensor: loading tensor blk.23.ffn_norm.weight
create_tensor: loading tensor blk.23.ffn_gate.weight
create_tensor: loading tensor blk.23.ffn_up.weight
create_tensor: loading tensor blk.23.ffn_down.weight
create_tensor: loading tensor blk.23.post_ffw_norm.weight
create_tensor: loading tensor blk.23.ffn_gate_inp.weight
create_tensor: loading tensor blk.23.inp_gate.weight
create_tensor: loading tensor blk.23.proj.weight
create_tensor: loading tensor blk.23.post_norm.weight
create_tensor: loading tensor blk.24.attn_norm.weight
create_tensor: loading tensor blk.24.attn_qkv.weight
create_tensor: loading tensor blk.24.attn_q.weight
create_tensor: loading tensor blk.24.attn_k.weight
create_tensor: loading tensor blk.24.attn_v.weight
create_tensor: loading tensor blk.24.attn_output.weight
create_tensor: loading tensor blk.24.attn_q_norm.weight
create_tensor: loading tensor blk.24.attn_k_norm.weight
create_tensor: loading tensor blk.24.post_attention_norm.weight
create_tensor: loading tensor blk.24.layer_output_scale.weight
create_tensor: loading tensor rope_freqs.weight
create_tensor: loading tensor blk.24.ffn_norm.weight
create_tensor: loading tensor blk.24.ffn_gate.weight
create_tensor: loading tensor blk.24.ffn_up.weight
create_tensor: loading tensor blk.24.ffn_down.weight
create_tensor: loading tensor blk.24.post_ffw_norm.weight
create_tensor: loading tensor blk.24.ffn_gate_inp.weight
create_tensor: loading tensor blk.24.inp_gate.weight
create_tensor: loading tensor blk.24.proj.weight
create_tensor: loading tensor blk.24.post_norm.weight
create_tensor: loading tensor blk.25.attn_norm.weight
create_tensor: loading tensor blk.25.attn_qkv.weight
create_tensor: loading tensor blk.25.attn_q.weight
create_tensor: loading tensor blk.25.attn_k.weight
create_tensor: loading tensor blk.25.attn_v.weight
create_tensor: loading tensor blk.25.attn_output.weight
create_tensor: loading tensor blk.25.attn_q_norm.weight
create_tensor: loading tensor blk.25.attn_k_norm.weight
create_tensor: loading tensor blk.25.post_attention_norm.weight
create_tensor: loading tensor blk.25.layer_output_scale.weight
create_tensor: loading tensor blk.25.ffn_norm.weight
create_tensor: loading tensor blk.25.ffn_gate.weight
create_tensor: loading tensor blk.25.ffn_up.weight
create_tensor: loading tensor blk.25.ffn_down.weight
create_tensor: loading tensor blk.25.post_ffw_norm.weight
create_tensor: loading tensor blk.25.ffn_gate_inp.weight
create_tensor: loading tensor blk.25.inp_gate.weight
create_tensor: loading tensor blk.25.proj.weight
create_tensor: loading tensor blk.25.post_norm.weight
create_tensor: loading tensor blk.26.attn_norm.weight
create_tensor: loading tensor blk.26.attn_qkv.weight
create_tensor: loading tensor blk.26.attn_q.weight
create_tensor: loading tensor blk.26.attn_k.weight
create_tensor: loading tensor blk.26.attn_v.weight
create_tensor: loading tensor blk.26.attn_output.weight
create_tensor: loading tensor blk.26.attn_q_norm.weight
create_tensor: loading tensor blk.26.attn_k_norm.weight
create_tensor: loading tensor blk.26.post_attention_norm.weight
create_tensor: loading tensor blk.26.layer_output_scale.weight
create_tensor: loading tensor blk.26.ffn_norm.weight
create_tensor: loading tensor blk.26.ffn_gate.weight
create_tensor: loading tensor blk.26.ffn_up.weight
create_tensor: loading tensor blk.26.ffn_down.weight
create_tensor: loading tensor blk.26.post_ffw_norm.weight
create_tensor: loading tensor blk.26.ffn_gate_inp.weight
create_tensor: loading tensor blk.26.inp_gate.weight
create_tensor: loading tensor blk.26.proj.weight
create_tensor: loading tensor blk.26.post_norm.weight
create_tensor: loading tensor blk.27.attn_norm.weight
create_tensor: loading tensor blk.27.attn_qkv.weight
create_tensor: loading tensor blk.27.attn_q.weight
create_tensor: loading tensor blk.27.attn_k.weight
create_tensor: loading tensor blk.27.attn_v.weight
create_tensor: loading tensor blk.27.attn_output.weight
create_tensor: loading tensor blk.27.attn_q_norm.weight
create_tensor: loading tensor blk.27.attn_k_norm.weight
create_tensor: loading tensor blk.27.post_attention_norm.weight
create_tensor: loading tensor blk.27.layer_output_scale.weight
create_tensor: loading tensor blk.27.ffn_norm.weight
create_tensor: loading tensor blk.27.ffn_gate.weight
create_tensor: loading tensor blk.27.ffn_up.weight
create_tensor: loading tensor blk.27.ffn_down.weight
create_tensor: loading tensor blk.27.post_ffw_norm.weight
create_tensor: loading tensor blk.27.ffn_gate_inp.weight
create_tensor: loading tensor blk.27.inp_gate.weight
create_tensor: loading tensor blk.27.proj.weight
create_tensor: loading tensor blk.27.post_norm.weight
create_tensor: loading tensor blk.28.attn_norm.weight
create_tensor: loading tensor blk.28.attn_qkv.weight
create_tensor: loading tensor blk.28.attn_q.weight
create_tensor: loading tensor blk.28.attn_k.weight
create_tensor: loading tensor blk.28.attn_v.weight
create_tensor: loading tensor blk.28.attn_output.weight
create_tensor: loading tensor blk.28.attn_q_norm.weight
create_tensor: loading tensor blk.28.attn_k_norm.weight
create_tensor: loading tensor blk.28.post_attention_norm.weight
create_tensor: loading tensor blk.28.layer_output_scale.weight
create_tensor: loading tensor blk.28.ffn_norm.weight
create_tensor: loading tensor blk.28.ffn_gate.weight
create_tensor: loading tensor blk.28.ffn_up.weight
create_tensor: loading tensor blk.28.ffn_down.weight
create_tensor: loading tensor blk.28.post_ffw_norm.weight
create_tensor: loading tensor blk.28.ffn_gate_inp.weight
create_tensor: loading tensor blk.28.inp_gate.weight
create_tensor: loading tensor blk.28.proj.weight
create_tensor: loading tensor blk.28.post_norm.weight
create_tensor: loading tensor blk.29.attn_norm.weight
create_tensor: loading tensor blk.29.attn_qkv.weight
create_tensor: loading tensor blk.29.attn_q.weight
create_tensor: loading tensor blk.29.attn_k.weight
create_tensor: loading tensor blk.29.attn_v.weight
create_tensor: loading tensor blk.29.attn_output.weight
create_tensor: loading tensor blk.29.attn_q_norm.weight
create_tensor: loading tensor blk.29.attn_k_norm.weight
create_tensor: loading tensor blk.29.post_attention_norm.weight
create_tensor: loading tensor blk.29.layer_output_scale.weight
create_tensor: loading tensor rope_freqs.weight
create_tensor: loading tensor blk.29.ffn_norm.weight
create_tensor: loading tensor blk.29.ffn_gate.weight
create_tensor: loading tensor blk.29.ffn_up.weight
create_tensor: loading tensor blk.29.ffn_down.weight
create_tensor: loading tensor blk.29.post_ffw_norm.weight
create_tensor: loading tensor blk.29.ffn_gate_inp.weight
create_tensor: loading tensor blk.29.inp_gate.weight
create_tensor: loading tensor blk.29.proj.weight
create_tensor: loading tensor blk.29.post_norm.weight
create_tensor: loading tensor blk.30.attn_norm.weight
create_tensor: loading tensor blk.30.attn_qkv.weight
create_tensor: loading tensor blk.30.attn_q.weight
create_tensor: loading tensor blk.30.attn_k.weight
create_tensor: loading tensor blk.30.attn_v.weight
create_tensor: loading tensor blk.30.attn_output.weight
create_tensor: loading tensor blk.30.attn_q_norm.weight
create_tensor: loading tensor blk.30.attn_k_norm.weight
create_tensor: loading tensor blk.30.post_attention_norm.weight
create_tensor: loading tensor blk.30.layer_output_scale.weight
create_tensor: loading tensor blk.30.ffn_norm.weight
create_tensor: loading tensor blk.30.ffn_gate.weight
create_tensor: loading tensor blk.30.ffn_up.weight
create_tensor: loading tensor blk.30.ffn_down.weight
create_tensor: loading tensor blk.30.post_ffw_norm.weight
create_tensor: loading tensor blk.30.ffn_gate_inp.weight
create_tensor: loading tensor blk.30.inp_gate.weight
create_tensor: loading tensor blk.30.proj.weight
create_tensor: loading tensor blk.30.post_norm.weight
create_tensor: loading tensor blk.31.attn_norm.weight
create_tensor: loading tensor blk.31.attn_qkv.weight
create_tensor: loading tensor blk.31.attn_q.weight
create_tensor: loading tensor blk.31.attn_k.weight
create_tensor: loading tensor blk.31.attn_v.weight
create_tensor: loading tensor blk.31.attn_output.weight
create_tensor: loading tensor blk.31.attn_q_norm.weight
create_tensor: loading tensor blk.31.attn_k_norm.weight
create_tensor: loading tensor blk.31.post_attention_norm.weight
create_tensor: loading tensor blk.31.layer_output_scale.weight
create_tensor: loading tensor blk.31.ffn_norm.weight
create_tensor: loading tensor blk.31.ffn_gate.weight
create_tensor: loading tensor blk.31.ffn_up.weight
create_tensor: loading tensor blk.31.ffn_down.weight
create_tensor: loading tensor blk.31.post_ffw_norm.weight
create_tensor: loading tensor blk.31.ffn_gate_inp.weight
create_tensor: loading tensor blk.31.inp_gate.weight
create_tensor: loading tensor blk.31.proj.weight
create_tensor: loading tensor blk.31.post_norm.weight
create_tensor: loading tensor blk.32.attn_norm.weight
create_tensor: loading tensor blk.32.attn_qkv.weight
create_tensor: loading tensor blk.32.attn_q.weight
create_tensor: loading tensor blk.32.attn_k.weight
create_tensor: loading tensor blk.32.attn_v.weight
create_tensor: loading tensor blk.32.attn_output.weight
create_tensor: loading tensor blk.32.attn_q_norm.weight
create_tensor: loading tensor blk.32.attn_k_norm.weight
create_tensor: loading tensor blk.32.post_attention_norm.weight
create_tensor: loading tensor blk.32.layer_output_scale.weight
create_tensor: loading tensor blk.32.ffn_norm.weight
create_tensor: loading tensor blk.32.ffn_gate.weight
create_tensor: loading tensor blk.32.ffn_up.weight
create_tensor: loading tensor blk.32.ffn_down.weight
create_tensor: loading tensor blk.32.post_ffw_norm.weight
create_tensor: loading tensor blk.32.ffn_gate_inp.weight
create_tensor: loading tensor blk.32.inp_gate.weight
create_tensor: loading tensor blk.32.proj.weight
create_tensor: loading tensor blk.32.post_norm.weight
create_tensor: loading tensor blk.33.attn_norm.weight
create_tensor: loading tensor blk.33.attn_qkv.weight
create_tensor: loading tensor blk.33.attn_q.weight
create_tensor: loading tensor blk.33.attn_k.weight
create_tensor: loading tensor blk.33.attn_v.weight
create_tensor: loading tensor blk.33.attn_output.weight
create_tensor: loading tensor blk.33.attn_q_norm.weight
create_tensor: loading tensor blk.33.attn_k_norm.weight
create_tensor: loading tensor blk.33.post_attention_norm.weight
create_tensor: loading tensor blk.33.layer_output_scale.weight
create_tensor: loading tensor blk.33.ffn_norm.weight
create_tensor: loading tensor blk.33.ffn_gate.weight
create_tensor: loading tensor blk.33.ffn_up.weight
create_tensor: loading tensor blk.33.ffn_down.weight
create_tensor: loading tensor blk.33.post_ffw_norm.weight
create_tensor: loading tensor blk.33.ffn_gate_inp.weight
create_tensor: loading tensor blk.33.inp_gate.weight
create_tensor: loading tensor blk.33.proj.weight
create_tensor: loading tensor blk.33.post_norm.weight
create_tensor: loading tensor blk.34.attn_norm.weight
create_tensor: loading tensor blk.34.attn_qkv.weight
create_tensor: loading tensor blk.34.attn_q.weight
create_tensor: loading tensor blk.34.attn_k.weight
create_tensor: loading tensor blk.34.attn_v.weight
create_tensor: loading tensor blk.34.attn_output.weight
create_tensor: loading tensor blk.34.attn_q_norm.weight
create_tensor: loading tensor blk.34.attn_k_norm.weight
create_tensor: loading tensor blk.34.post_attention_norm.weight
create_tensor: loading tensor blk.34.layer_output_scale.weight
create_tensor: loading tensor rope_freqs.weight
create_tensor: loading tensor blk.34.ffn_norm.weight
create_tensor: loading tensor blk.34.ffn_gate.weight
create_tensor: loading tensor blk.34.ffn_up.weight
create_tensor: loading tensor blk.34.ffn_down.weight
create_tensor: loading tensor blk.34.post_ffw_norm.weight
create_tensor: loading tensor blk.34.ffn_gate_inp.weight
create_tensor: loading tensor blk.34.inp_gate.weight
create_tensor: loading tensor blk.34.proj.weight
create_tensor: loading tensor blk.34.post_norm.weight
create_tensor: loading tensor blk.0.attn_q.scale
create_tensor: loading tensor blk.0.attn_k.scale
create_tensor: loading tensor blk.0.attn_v.scale
create_tensor: loading tensor blk.0.attn_output.scale
create_tensor: loading tensor blk.0.ffn_gate.scale
create_tensor: loading tensor blk.0.ffn_down.scale
create_tensor: loading tensor blk.0.ffn_up.scale
create_tensor: loading tensor blk.0.attn_q.input_scale
create_tensor: loading tensor blk.0.attn_k.input_scale
create_tensor: loading tensor blk.0.attn_v.input_scale
create_tensor: loading tensor blk.0.attn_output.input_scale
create_tensor: loading tensor blk.0.ffn_gate.input_scale
create_tensor: loading tensor blk.0.ffn_down.input_scale
create_tensor: loading tensor blk.0.ffn_up.input_scale
create_tensor: loading tensor blk.1.attn_q.scale
create_tensor: loading tensor blk.1.attn_k.scale
create_tensor: loading tensor blk.1.attn_v.scale
create_tensor: loading tensor blk.1.attn_output.scale
create_tensor: loading tensor blk.1.ffn_gate.scale
create_tensor: loading tensor blk.1.ffn_down.scale
create_tensor: loading tensor blk.1.ffn_up.scale
create_tensor: loading tensor blk.1.attn_q.input_scale
create_tensor: loading tensor blk.1.attn_k.input_scale
create_tensor: loading tensor blk.1.attn_v.input_scale
create_tensor: loading tensor blk.1.attn_output.input_scale
create_tensor: loading tensor blk.1.ffn_gate.input_scale
create_tensor: loading tensor blk.1.ffn_down.input_scale
create_tensor: loading tensor blk.1.ffn_up.input_scale
create_tensor: loading tensor blk.2.attn_q.scale
create_tensor: loading tensor blk.2.attn_k.scale
create_tensor: loading tensor blk.2.attn_v.scale
create_tensor: loading tensor blk.2.attn_output.scale
create_tensor: loading tensor blk.2.ffn_gate.scale
create_tensor: loading tensor blk.2.ffn_down.scale
create_tensor: loading tensor blk.2.ffn_up.scale
create_tensor: loading tensor blk.2.attn_q.input_scale
create_tensor: loading tensor blk.2.attn_k.input_scale
create_tensor: loading tensor blk.2.attn_v.input_scale
create_tensor: loading tensor blk.2.attn_output.input_scale
create_tensor: loading tensor blk.2.ffn_gate.input_scale
create_tensor: loading tensor blk.2.ffn_down.input_scale
create_tensor: loading tensor blk.2.ffn_up.input_scale
create_tensor: loading tensor blk.3.attn_q.scale
create_tensor: loading tensor blk.3.attn_k.scale
create_tensor: loading tensor blk.3.attn_v.scale
create_tensor: loading tensor blk.3.attn_output.scale
create_tensor: loading tensor blk.3.ffn_gate.scale
create_tensor: loading tensor blk.3.ffn_down.scale
create_tensor: loading tensor blk.3.ffn_up.scale
create_tensor: loading tensor blk.3.attn_q.input_scale
create_tensor: loading tensor blk.3.attn_k.input_scale
create_tensor: loading tensor blk.3.attn_v.input_scale
create_tensor: loading tensor blk.3.attn_output.input_scale
create_tensor: loading tensor blk.3.ffn_gate.input_scale
create_tensor: loading tensor blk.3.ffn_down.input_scale
create_tensor: loading tensor blk.3.ffn_up.input_scale
create_tensor: loading tensor blk.4.attn_q.scale
create_tensor: loading tensor blk.4.attn_k.scale
create_tensor: loading tensor blk.4.attn_v.scale
create_tensor: loading tensor blk.4.attn_output.scale
create_tensor: loading tensor blk.4.ffn_gate.scale
create_tensor: loading tensor blk.4.ffn_down.scale
create_tensor: loading tensor blk.4.ffn_up.scale
create_tensor: loading tensor blk.4.attn_q.input_scale
create_tensor: loading tensor blk.4.attn_k.input_scale
create_tensor: loading tensor blk.4.attn_v.input_scale
create_tensor: loading tensor blk.4.attn_output.input_scale
create_tensor: loading tensor blk.4.ffn_gate.input_scale
create_tensor: loading tensor blk.4.ffn_down.input_scale
create_tensor: loading tensor blk.4.ffn_up.input_scale
create_tensor: loading tensor blk.5.attn_q.scale
create_tensor: loading tensor blk.5.attn_k.scale
create_tensor: loading tensor blk.5.attn_v.scale
create_tensor: loading tensor blk.5.attn_output.scale
create_tensor: loading tensor blk.5.ffn_gate.scale
create_tensor: loading tensor blk.5.ffn_down.scale
create_tensor: loading tensor blk.5.ffn_up.scale
create_tensor: loading tensor blk.5.attn_q.input_scale
create_tensor: loading tensor blk.5.attn_k.input_scale
create_tensor: loading tensor blk.5.attn_v.input_scale
create_tensor: loading tensor blk.5.attn_output.input_scale
create_tensor: loading tensor blk.5.ffn_gate.input_scale
create_tensor: loading tensor blk.5.ffn_down.input_scale
create_tensor: loading tensor blk.5.ffn_up.input_scale
create_tensor: loading tensor blk.6.attn_q.scale
create_tensor: loading tensor blk.6.attn_k.scale
create_tensor: loading tensor blk.6.attn_v.scale
create_tensor: loading tensor blk.6.attn_output.scale
create_tensor: loading tensor blk.6.ffn_gate.scale
create_tensor: loading tensor blk.6.ffn_down.scale
create_tensor: loading tensor blk.6.ffn_up.scale
create_tensor: loading tensor blk.6.attn_q.input_scale
create_tensor: loading tensor blk.6.attn_k.input_scale
create_tensor: loading tensor blk.6.attn_v.input_scale
create_tensor: loading tensor blk.6.attn_output.input_scale
create_tensor: loading tensor blk.6.ffn_gate.input_scale
create_tensor: loading tensor blk.6.ffn_down.input_scale
create_tensor: loading tensor blk.6.ffn_up.input_scale
create_tensor: loading tensor blk.7.attn_q.scale
create_tensor: loading tensor blk.7.attn_k.scale
create_tensor: loading tensor blk.7.attn_v.scale
create_tensor: loading tensor blk.7.attn_output.scale
create_tensor: loading tensor blk.7.ffn_gate.scale
create_tensor: loading tensor blk.7.ffn_down.scale
create_tensor: loading tensor blk.7.ffn_up.scale
create_tensor: loading tensor blk.7.attn_q.input_scale
create_tensor: loading tensor blk.7.attn_k.input_scale
create_tensor: loading tensor blk.7.attn_v.input_scale
create_tensor: loading tensor blk.7.attn_output.input_scale
create_tensor: loading tensor blk.7.ffn_gate.input_scale
create_tensor: loading tensor blk.7.ffn_down.input_scale
create_tensor: loading tensor blk.7.ffn_up.input_scale
create_tensor: loading tensor blk.8.attn_q.scale
create_tensor: loading tensor blk.8.attn_k.scale
create_tensor: loading tensor blk.8.attn_v.scale
create_tensor: loading tensor blk.8.attn_output.scale
create_tensor: loading tensor blk.8.ffn_gate.scale
create_tensor: loading tensor blk.8.ffn_down.scale
create_tensor: loading tensor blk.8.ffn_up.scale
create_tensor: loading tensor blk.8.attn_q.input_scale
create_tensor: loading tensor blk.8.attn_k.input_scale
create_tensor: loading tensor blk.8.attn_v.input_scale
create_tensor: loading tensor blk.8.attn_output.input_scale
create_tensor: loading tensor blk.8.ffn_gate.input_scale
create_tensor: loading tensor blk.8.ffn_down.input_scale
create_tensor: loading tensor blk.8.ffn_up.input_scale
create_tensor: loading tensor blk.9.attn_q.scale
create_tensor: loading tensor blk.9.attn_k.scale
create_tensor: loading tensor blk.9.attn_v.scale
create_tensor: loading tensor blk.9.attn_output.scale
create_tensor: loading tensor blk.9.ffn_gate.scale
create_tensor: loading tensor blk.9.ffn_down.scale
create_tensor: loading tensor blk.9.ffn_up.scale
create_tensor: loading tensor blk.9.attn_q.input_scale
create_tensor: loading tensor blk.9.attn_k.input_scale
create_tensor: loading tensor blk.9.attn_v.input_scale
create_tensor: loading tensor blk.9.attn_output.input_scale
create_tensor: loading tensor blk.9.ffn_gate.input_scale
create_tensor: loading tensor blk.9.ffn_down.input_scale
create_tensor: loading tensor blk.9.ffn_up.input_scale
create_tensor: loading tensor blk.10.attn_q.scale
create_tensor: loading tensor blk.10.attn_k.scale
create_tensor: loading tensor blk.10.attn_v.scale
create_tensor: loading tensor blk.10.attn_output.scale
create_tensor: loading tensor blk.10.ffn_gate.scale
create_tensor: loading tensor blk.10.ffn_down.scale
create_tensor: loading tensor blk.10.ffn_up.scale
create_tensor: loading tensor blk.10.attn_q.input_scale
create_tensor: loading tensor blk.10.attn_k.input_scale
create_tensor: loading tensor blk.10.attn_v.input_scale
create_tensor: loading tensor blk.10.attn_output.input_scale
create_tensor: loading tensor blk.10.ffn_gate.input_scale
create_tensor: loading tensor blk.10.ffn_down.input_scale
create_tensor: loading tensor blk.10.ffn_up.input_scale
create_tensor: loading tensor blk.11.attn_q.scale
create_tensor: loading tensor blk.11.attn_k.scale
create_tensor: loading tensor blk.11.attn_v.scale
create_tensor: loading tensor blk.11.attn_output.scale
create_tensor: loading tensor blk.11.ffn_gate.scale
create_tensor: loading tensor blk.11.ffn_down.scale
create_tensor: loading tensor blk.11.ffn_up.scale
create_tensor: loading tensor blk.11.attn_q.input_scale
create_tensor: loading tensor blk.11.attn_k.input_scale
create_tensor: loading tensor blk.11.attn_v.input_scale
create_tensor: loading tensor blk.11.attn_output.input_scale
create_tensor: loading tensor blk.11.ffn_gate.input_scale
create_tensor: loading tensor blk.11.ffn_down.input_scale
create_tensor: loading tensor blk.11.ffn_up.input_scale
create_tensor: loading tensor blk.12.attn_q.scale
create_tensor: loading tensor blk.12.attn_k.scale
create_tensor: loading tensor blk.12.attn_v.scale
create_tensor: loading tensor blk.12.attn_output.scale
create_tensor: loading tensor blk.12.ffn_gate.scale
create_tensor: loading tensor blk.12.ffn_down.scale
create_tensor: loading tensor blk.12.ffn_up.scale
create_tensor: loading tensor blk.12.attn_q.input_scale
create_tensor: loading tensor blk.12.attn_k.input_scale
create_tensor: loading tensor blk.12.attn_v.input_scale
create_tensor: loading tensor blk.12.attn_output.input_scale
create_tensor: loading tensor blk.12.ffn_gate.input_scale
create_tensor: loading tensor blk.12.ffn_down.input_scale
create_tensor: loading tensor blk.12.ffn_up.input_scale
create_tensor: loading tensor blk.13.attn_q.scale
create_tensor: loading tensor blk.13.attn_k.scale
create_tensor: loading tensor blk.13.attn_v.scale
create_tensor: loading tensor blk.13.attn_output.scale
create_tensor: loading tensor blk.13.ffn_gate.scale
create_tensor: loading tensor blk.13.ffn_down.scale
create_tensor: loading tensor blk.13.ffn_up.scale
create_tensor: loading tensor blk.13.attn_q.input_scale
create_tensor: loading tensor blk.13.attn_k.input_scale
create_tensor: loading tensor blk.13.attn_v.input_scale
create_tensor: loading tensor blk.13.attn_output.input_scale
create_tensor: loading tensor blk.13.ffn_gate.input_scale
create_tensor: loading tensor blk.13.ffn_down.input_scale
create_tensor: loading tensor blk.13.ffn_up.input_scale
create_tensor: loading tensor blk.14.attn_q.scale
create_tensor: loading tensor blk.14.attn_k.scale
create_tensor: loading tensor blk.14.attn_v.scale
create_tensor: loading tensor blk.14.attn_output.scale
create_tensor: loading tensor blk.14.ffn_gate.scale
create_tensor: loading tensor blk.14.ffn_down.scale
create_tensor: loading tensor blk.14.ffn_up.scale
create_tensor: loading tensor blk.14.attn_q.input_scale
create_tensor: loading tensor blk.14.attn_k.input_scale
create_tensor: loading tensor blk.14.attn_v.input_scale
create_tensor: loading tensor blk.14.attn_output.input_scale
create_tensor: loading tensor blk.14.ffn_gate.input_scale
create_tensor: loading tensor blk.14.ffn_down.input_scale
create_tensor: loading tensor blk.14.ffn_up.input_scale
create_tensor: loading tensor blk.15.attn_q.scale
create_tensor: loading tensor blk.15.attn_k.scale
create_tensor: loading tensor blk.15.attn_v.scale
create_tensor: loading tensor blk.15.attn_output.scale
create_tensor: loading tensor blk.15.ffn_gate.scale
create_tensor: loading tensor blk.15.ffn_down.scale
create_tensor: loading tensor blk.15.ffn_up.scale
create_tensor: loading tensor blk.15.attn_q.input_scale
create_tensor: loading tensor blk.15.attn_k.input_scale
create_tensor: loading tensor blk.15.attn_v.input_scale
create_tensor: loading tensor blk.15.attn_output.input_scale
create_tensor: loading tensor blk.15.ffn_gate.input_scale
create_tensor: loading tensor blk.15.ffn_down.input_scale
create_tensor: loading tensor blk.15.ffn_up.input_scale
create_tensor: loading tensor blk.16.attn_q.scale
create_tensor: loading tensor blk.16.attn_k.scale
create_tensor: loading tensor blk.16.attn_v.scale
create_tensor: loading tensor blk.16.attn_output.scale
create_tensor: loading tensor blk.16.ffn_gate.scale
create_tensor: loading tensor blk.16.ffn_down.scale
create_tensor: loading tensor blk.16.ffn_up.scale
create_tensor: loading tensor blk.16.attn_q.input_scale
create_tensor: loading tensor blk.16.attn_k.input_scale
create_tensor: loading tensor blk.16.attn_v.input_scale
create_tensor: loading tensor blk.16.attn_output.input_scale
create_tensor: loading tensor blk.16.ffn_gate.input_scale
create_tensor: loading tensor blk.16.ffn_down.input_scale
create_tensor: loading tensor blk.16.ffn_up.input_scale
create_tensor: loading tensor blk.17.attn_q.scale
create_tensor: loading tensor blk.17.attn_k.scale
create_tensor: loading tensor blk.17.attn_v.scale
create_tensor: loading tensor blk.17.attn_output.scale
create_tensor: loading tensor blk.17.ffn_gate.scale
create_tensor: loading tensor blk.17.ffn_down.scale
create_tensor: loading tensor blk.17.ffn_up.scale
create_tensor: loading tensor blk.17.attn_q.input_scale
create_tensor: loading tensor blk.17.attn_k.input_scale
create_tensor: loading tensor blk.17.attn_v.input_scale
create_tensor: loading tensor blk.17.attn_output.input_scale
create_tensor: loading tensor blk.17.ffn_gate.input_scale
create_tensor: loading tensor blk.17.ffn_down.input_scale
create_tensor: loading tensor blk.17.ffn_up.input_scale
create_tensor: loading tensor blk.18.attn_q.scale
create_tensor: loading tensor blk.18.attn_k.scale
create_tensor: loading tensor blk.18.attn_v.scale
create_tensor: loading tensor blk.18.attn_output.scale
create_tensor: loading tensor blk.18.ffn_gate.scale
create_tensor: loading tensor blk.18.ffn_down.scale
create_tensor: loading tensor blk.18.ffn_up.scale
create_tensor: loading tensor blk.18.attn_q.input_scale
create_tensor: loading tensor blk.18.attn_k.input_scale
create_tensor: loading tensor blk.18.attn_v.input_scale
create_tensor: loading tensor blk.18.attn_output.input_scale
create_tensor: loading tensor blk.18.ffn_gate.input_scale
create_tensor: loading tensor blk.18.ffn_down.input_scale
create_tensor: loading tensor blk.18.ffn_up.input_scale
create_tensor: loading tensor blk.19.attn_q.scale
create_tensor: loading tensor blk.19.attn_k.scale
create_tensor: loading tensor blk.19.attn_v.scale
create_tensor: loading tensor blk.19.attn_output.scale
create_tensor: loading tensor blk.19.ffn_gate.scale
create_tensor: loading tensor blk.19.ffn_down.scale
create_tensor: loading tensor blk.19.ffn_up.scale
create_tensor: loading tensor blk.19.attn_q.input_scale
create_tensor: loading tensor blk.19.attn_k.input_scale
create_tensor: loading tensor blk.19.attn_v.input_scale
create_tensor: loading tensor blk.19.attn_output.input_scale
create_tensor: loading tensor blk.19.ffn_gate.input_scale
create_tensor: loading tensor blk.19.ffn_down.input_scale
create_tensor: loading tensor blk.19.ffn_up.input_scale
create_tensor: loading tensor blk.20.attn_q.scale
create_tensor: loading tensor blk.20.attn_k.scale
create_tensor: loading tensor blk.20.attn_v.scale
create_tensor: loading tensor blk.20.attn_output.scale
create_tensor: loading tensor blk.20.ffn_gate.scale
create_tensor: loading tensor blk.20.ffn_down.scale
create_tensor: loading tensor blk.20.ffn_up.scale
create_tensor: loading tensor blk.20.attn_q.input_scale
create_tensor: loading tensor blk.20.attn_k.input_scale
create_tensor: loading tensor blk.20.attn_v.input_scale
create_tensor: loading tensor blk.20.attn_output.input_scale
create_tensor: loading tensor blk.20.ffn_gate.input_scale
create_tensor: loading tensor blk.20.ffn_down.input_scale
create_tensor: loading tensor blk.20.ffn_up.input_scale
create_tensor: loading tensor blk.21.attn_q.scale
create_tensor: loading tensor blk.21.attn_k.scale
create_tensor: loading tensor blk.21.attn_v.scale
create_tensor: loading tensor blk.21.attn_output.scale
create_tensor: loading tensor blk.21.ffn_gate.scale
create_tensor: loading tensor blk.21.ffn_down.scale
create_tensor: loading tensor blk.21.ffn_up.scale
create_tensor: loading tensor blk.21.attn_q.input_scale
create_tensor: loading tensor blk.21.attn_k.input_scale
create_tensor: loading tensor blk.21.attn_v.input_scale
create_tensor: loading tensor blk.21.attn_output.input_scale
create_tensor: loading tensor blk.21.ffn_gate.input_scale
create_tensor: loading tensor blk.21.ffn_down.input_scale
create_tensor: loading tensor blk.21.ffn_up.input_scale
create_tensor: loading tensor blk.22.attn_q.scale
create_tensor: loading tensor blk.22.attn_k.scale
create_tensor: loading tensor blk.22.attn_v.scale
create_tensor: loading tensor blk.22.attn_output.scale
create_tensor: loading tensor blk.22.ffn_gate.scale
create_tensor: loading tensor blk.22.ffn_down.scale
create_tensor: loading tensor blk.22.ffn_up.scale
create_tensor: loading tensor blk.22.attn_q.input_scale
create_tensor: loading tensor blk.22.attn_k.input_scale
create_tensor: loading tensor blk.22.attn_v.input_scale
create_tensor: loading tensor blk.22.attn_output.input_scale
create_tensor: loading tensor blk.22.ffn_gate.input_scale
create_tensor: loading tensor blk.22.ffn_down.input_scale
create_tensor: loading tensor blk.22.ffn_up.input_scale
create_tensor: loading tensor blk.23.attn_q.scale
create_tensor: loading tensor blk.23.attn_k.scale
create_tensor: loading tensor blk.23.attn_v.scale
create_tensor: loading tensor blk.23.attn_output.scale
create_tensor: loading tensor blk.23.ffn_gate.scale
create_tensor: loading tensor blk.23.ffn_down.scale
create_tensor: loading tensor blk.23.ffn_up.scale
create_tensor: loading tensor blk.23.attn_q.input_scale
create_tensor: loading tensor blk.23.attn_k.input_scale
create_tensor: loading tensor blk.23.attn_v.input_scale
create_tensor: loading tensor blk.23.attn_output.input_scale
create_tensor: loading tensor blk.23.ffn_gate.input_scale
create_tensor: loading tensor blk.23.ffn_down.input_scale
create_tensor: loading tensor blk.23.ffn_up.input_scale
create_tensor: loading tensor blk.24.attn_q.scale
create_tensor: loading tensor blk.24.attn_k.scale
create_tensor: loading tensor blk.24.attn_v.scale
create_tensor: loading tensor blk.24.attn_output.scale
create_tensor: loading tensor blk.24.ffn_gate.scale
create_tensor: loading tensor blk.24.ffn_down.scale
create_tensor: loading tensor blk.24.ffn_up.scale
create_tensor: loading tensor blk.24.attn_q.input_scale
create_tensor: loading tensor blk.24.attn_k.input_scale
create_tensor: loading tensor blk.24.attn_v.input_scale
create_tensor: loading tensor blk.24.attn_output.input_scale
create_tensor: loading tensor blk.24.ffn_gate.input_scale
create_tensor: loading tensor blk.24.ffn_down.input_scale
create_tensor: loading tensor blk.24.ffn_up.input_scale
create_tensor: loading tensor blk.25.attn_q.scale
create_tensor: loading tensor blk.25.attn_k.scale
create_tensor: loading tensor blk.25.attn_v.scale
create_tensor: loading tensor blk.25.attn_output.scale
create_tensor: loading tensor blk.25.ffn_gate.scale
create_tensor: loading tensor blk.25.ffn_down.scale
create_tensor: loading tensor blk.25.ffn_up.scale
create_tensor: loading tensor blk.25.attn_q.input_scale
create_tensor: loading tensor blk.25.attn_k.input_scale
create_tensor: loading tensor blk.25.attn_v.input_scale
create_tensor: loading tensor blk.25.attn_output.input_scale
create_tensor: loading tensor blk.25.ffn_gate.input_scale
create_tensor: loading tensor blk.25.ffn_down.input_scale
create_tensor: loading tensor blk.25.ffn_up.input_scale
create_tensor: loading tensor blk.26.attn_q.scale
create_tensor: loading tensor blk.26.attn_k.scale
create_tensor: loading tensor blk.26.attn_v.scale
create_tensor: loading tensor blk.26.attn_output.scale
create_tensor: loading tensor blk.26.ffn_gate.scale
create_tensor: loading tensor blk.26.ffn_down.scale
create_tensor: loading tensor blk.26.ffn_up.scale
create_tensor: loading tensor blk.26.attn_q.input_scale
create_tensor: loading tensor blk.26.attn_k.input_scale
create_tensor: loading tensor blk.26.attn_v.input_scale
create_tensor: loading tensor blk.26.attn_output.input_scale
create_tensor: loading tensor blk.26.ffn_gate.input_scale
create_tensor: loading tensor blk.26.ffn_down.input_scale
create_tensor: loading tensor blk.26.ffn_up.input_scale
create_tensor: loading tensor blk.27.attn_q.scale
create_tensor: loading tensor blk.27.attn_k.scale
create_tensor: loading tensor blk.27.attn_v.scale
create_tensor: loading tensor blk.27.attn_output.scale
create_tensor: loading tensor blk.27.ffn_gate.scale
create_tensor: loading tensor blk.27.ffn_down.scale
create_tensor: loading tensor blk.27.ffn_up.scale
create_tensor: loading tensor blk.27.attn_q.input_scale
create_tensor: loading tensor blk.27.attn_k.input_scale
create_tensor: loading tensor blk.27.attn_v.input_scale
create_tensor: loading tensor blk.27.attn_output.input_scale
create_tensor: loading tensor blk.27.ffn_gate.input_scale
create_tensor: loading tensor blk.27.ffn_down.input_scale
create_tensor: loading tensor blk.27.ffn_up.input_scale
create_tensor: loading tensor blk.28.attn_q.scale
create_tensor: loading tensor blk.28.attn_k.scale
create_tensor: loading tensor blk.28.attn_v.scale
create_tensor: loading tensor blk.28.attn_output.scale
create_tensor: loading tensor blk.28.ffn_gate.scale
create_tensor: loading tensor blk.28.ffn_down.scale
create_tensor: loading tensor blk.28.ffn_up.scale
create_tensor: loading tensor blk.28.attn_q.input_scale
create_tensor: loading tensor blk.28.attn_k.input_scale
create_tensor: loading tensor blk.28.attn_v.input_scale
create_tensor: loading tensor blk.28.attn_output.input_scale
create_tensor: loading tensor blk.28.ffn_gate.input_scale
create_tensor: loading tensor blk.28.ffn_down.input_scale
create_tensor: loading tensor blk.28.ffn_up.input_scale
create_tensor: loading tensor blk.29.attn_q.scale
create_tensor: loading tensor blk.29.attn_k.scale
create_tensor: loading tensor blk.29.attn_v.scale
create_tensor: loading tensor blk.29.attn_output.scale
create_tensor: loading tensor blk.29.ffn_gate.scale
create_tensor: loading tensor blk.29.ffn_down.scale
create_tensor: loading tensor blk.29.ffn_up.scale
create_tensor: loading tensor blk.29.attn_q.input_scale
create_tensor: loading tensor blk.29.attn_k.input_scale
create_tensor: loading tensor blk.29.attn_v.input_scale
create_tensor: loading tensor blk.29.attn_output.input_scale
create_tensor: loading tensor blk.29.ffn_gate.input_scale
create_tensor: loading tensor blk.29.ffn_down.input_scale
create_tensor: loading tensor blk.29.ffn_up.input_scale
create_tensor: loading tensor blk.30.attn_q.scale
create_tensor: loading tensor blk.30.attn_k.scale
create_tensor: loading tensor blk.30.attn_v.scale
create_tensor: loading tensor blk.30.attn_output.scale
create_tensor: loading tensor blk.30.ffn_gate.scale
create_tensor: loading tensor blk.30.ffn_down.scale
create_tensor: loading tensor blk.30.ffn_up.scale
create_tensor: loading tensor blk.30.attn_q.input_scale
create_tensor: loading tensor blk.30.attn_k.input_scale
create_tensor: loading tensor blk.30.attn_v.input_scale
create_tensor: loading tensor blk.30.attn_output.input_scale
create_tensor: loading tensor blk.30.ffn_gate.input_scale
create_tensor: loading tensor blk.30.ffn_down.input_scale
create_tensor: loading tensor blk.30.ffn_up.input_scale
create_tensor: loading tensor blk.31.attn_q.scale
create_tensor: loading tensor blk.31.attn_k.scale
create_tensor: loading tensor blk.31.attn_v.scale
create_tensor: loading tensor blk.31.attn_output.scale
create_tensor: loading tensor blk.31.ffn_gate.scale
create_tensor: loading tensor blk.31.ffn_down.scale
create_tensor: loading tensor blk.31.ffn_up.scale
create_tensor: loading tensor blk.31.attn_q.input_scale
create_tensor: loading tensor blk.31.attn_k.input_scale
create_tensor: loading tensor blk.31.attn_v.input_scale
create_tensor: loading tensor blk.31.attn_output.input_scale
create_tensor: loading tensor blk.31.ffn_gate.input_scale
create_tensor: loading tensor blk.31.ffn_down.input_scale
create_tensor: loading tensor blk.31.ffn_up.input_scale
create_tensor: loading tensor blk.32.attn_q.scale
create_tensor: loading tensor blk.32.attn_k.scale
create_tensor: loading tensor blk.32.attn_v.scale
create_tensor: loading tensor blk.32.attn_output.scale
create_tensor: loading tensor blk.32.ffn_gate.scale
create_tensor: loading tensor blk.32.ffn_down.scale
create_tensor: loading tensor blk.32.ffn_up.scale
create_tensor: loading tensor blk.32.attn_q.input_scale
create_tensor: loading tensor blk.32.attn_k.input_scale
create_tensor: loading tensor blk.32.attn_v.input_scale
create_tensor: loading tensor blk.32.attn_output.input_scale
create_tensor: loading tensor blk.32.ffn_gate.input_scale
create_tensor: loading tensor blk.32.ffn_down.input_scale
create_tensor: loading tensor blk.32.ffn_up.input_scale
create_tensor: loading tensor blk.33.attn_q.scale
create_tensor: loading tensor blk.33.attn_k.scale
create_tensor: loading tensor blk.33.attn_v.scale
create_tensor: loading tensor blk.33.attn_output.scale
create_tensor: loading tensor blk.33.ffn_gate.scale
create_tensor: loading tensor blk.33.ffn_down.scale
create_tensor: loading tensor blk.33.ffn_up.scale
create_tensor: loading tensor blk.33.attn_q.input_scale
create_tensor: loading tensor blk.33.attn_k.input_scale
create_tensor: loading tensor blk.33.attn_v.input_scale
create_tensor: loading tensor blk.33.attn_output.input_scale
create_tensor: loading tensor blk.33.ffn_gate.input_scale
create_tensor: loading tensor blk.33.ffn_down.input_scale
create_tensor: loading tensor blk.33.ffn_up.input_scale
create_tensor: loading tensor blk.34.attn_q.scale
create_tensor: loading tensor blk.34.attn_k.scale
create_tensor: loading tensor blk.34.attn_v.scale
create_tensor: loading tensor blk.34.attn_output.scale
create_tensor: loading tensor blk.34.ffn_gate.scale
create_tensor: loading tensor blk.34.ffn_down.scale
create_tensor: loading tensor blk.34.ffn_up.scale
create_tensor: loading tensor blk.34.attn_q.input_scale
create_tensor: loading tensor blk.34.attn_k.input_scale
create_tensor: loading tensor blk.34.attn_v.input_scale
create_tensor: loading tensor blk.34.attn_output.input_scale
create_tensor: loading tensor blk.34.ffn_gate.input_scale
create_tensor: loading tensor blk.34.ffn_down.input_scale
create_tensor: loading tensor blk.34.ffn_up.input_scale
done_getting_tensors: tensor 'token_embd.weight' (q6_K) (and 1 others) cannot be used with preferred buffer type CPU_REPACK, using CPU instead
ggml_metal_log_allocated_size: allocated buffer, size =  3287.20 MiB, ( 3287.66 / 18186.25)
load_tensors: offloading output layer to GPU
load_tensors: offloading 34 repeating layers to GPU
load_tensors: offloaded 36/36 layers to GPU
load_tensors:   CPU_Mapped model buffer size =  2152.50 MiB
load_tensors:  MTL0_Mapped model buffer size =  3287.18 MiB
...................................
llama_context: constructing llama_context
llama_context: n_seq_max             = 1
llama_context: n_ctx                 = 4096
llama_context: n_ctx_seq             = 4096
llama_context: n_batch               = 2048
llama_context: n_ubatch              = 128
llama_context: causal_attn           = 1
llama_context: flash_attn            = disabled
llama_context: kv_unified            = false
llama_context: freq_base             = 1000000.0
llama_context: freq_scale            = 1
llama_context: n_rs_seq              = 0
llama_context: n_outputs_max         = 2048
llama_context: n_outputs_max_per_seq = 1
llama_context: n_ctx_seq (4096) < n_ctx_train (131072) -- the full capacity of the model will not be utilized
ggml_metal_init: allocating
ggml_metal_init: found device: Apple M4 Pro
ggml_metal_init: picking default device: Apple M4 Pro
ggml_metal_init: use fusion         = true
ggml_metal_init: use concurrency    = true
ggml_metal_init: use graph optimize = true
set_abort_callback: call
llama_context:        CPU  output buffer size =     1.00 MiB
llama_kv_cache_iswa: creating non-SWA KV cache, size = 4096 cells
llama_kv_cache: the V embeddings have different sizes across layers and FA is not enabled - padding V cache to 512
llama_kv_cache: layer   0: filtered
llama_kv_cache: layer   1: filtered
llama_kv_cache: layer   2: filtered
llama_kv_cache: layer   3: filtered
llama_kv_cache: layer   4: dev = MTL0
llama_kv_cache: layer   5: filtered
llama_kv_cache: layer   6: filtered
llama_kv_cache: layer   7: filtered
llama_kv_cache: layer   8: filtered
llama_kv_cache: layer   9: dev = MTL0
llama_kv_cache: layer  10: filtered
llama_kv_cache: layer  11: filtered
llama_kv_cache: layer  12: filtered
llama_kv_cache: layer  13: filtered
llama_kv_cache: layer  14: dev = MTL0
llama_kv_cache: layer  15: does not have KV cache
llama_kv_cache: layer  16: does not have KV cache
llama_kv_cache: layer  17: does not have KV cache
llama_kv_cache: layer  18: does not have KV cache
llama_kv_cache: layer  19: does not have KV cache
llama_kv_cache: layer  20: does not have KV cache
llama_kv_cache: layer  21: does not have KV cache
llama_kv_cache: layer  22: does not have KV cache
llama_kv_cache: layer  23: does not have KV cache
llama_kv_cache: layer  24: does not have KV cache
llama_kv_cache: layer  25: does not have KV cache
llama_kv_cache: layer  26: does not have KV cache
llama_kv_cache: layer  27: does not have KV cache
llama_kv_cache: layer  28: does not have KV cache
llama_kv_cache: layer  29: does not have KV cache
llama_kv_cache: layer  30: does not have KV cache
llama_kv_cache: layer  31: does not have KV cache
llama_kv_cache: layer  32: does not have KV cache
llama_kv_cache: layer  33: does not have KV cache
llama_kv_cache: layer  34: does not have KV cache
llama_kv_cache: reusing layers:
llama_kv_cache: - layer   0: no reuse
llama_kv_cache: - layer   1: no reuse
llama_kv_cache: - layer   2: no reuse
llama_kv_cache: - layer   3: no reuse
llama_kv_cache: - layer   4: no reuse
llama_kv_cache: - layer   5: no reuse
llama_kv_cache: - layer   6: no reuse
llama_kv_cache: - layer   7: no reuse
llama_kv_cache: - layer   8: no reuse
llama_kv_cache: - layer   9: no reuse
llama_kv_cache: - layer  10: no reuse
llama_kv_cache: - layer  11: no reuse
llama_kv_cache: - layer  12: no reuse
llama_kv_cache: - layer  13: no reuse
llama_kv_cache: - layer  14: no reuse
llama_kv_cache: - layer  15: filtered
llama_kv_cache: - layer  16: filtered
llama_kv_cache: - layer  17: filtered
llama_kv_cache: - layer  18: filtered
llama_kv_cache: - layer  19: reuse layer 14, is_swa = 0
llama_kv_cache: - layer  20: filtered
llama_kv_cache: - layer  21: filtered
llama_kv_cache: - layer  22: filtered
llama_kv_cache: - layer  23: filtered
llama_kv_cache: - layer  24: reuse layer 14, is_swa = 0
llama_kv_cache: - layer  25: filtered
llama_kv_cache: - layer  26: filtered
llama_kv_cache: - layer  27: filtered
llama_kv_cache: - layer  28: filtered
llama_kv_cache: - layer  29: reuse layer 14, is_swa = 0
llama_kv_cache: - layer  30: filtered
llama_kv_cache: - layer  31: filtered
llama_kv_cache: - layer  32: filtered
llama_kv_cache: - layer  33: filtered
llama_kv_cache: - layer  34: reuse layer 14, is_swa = 0
llama_kv_cache:       MTL0 KV buffer size =    18.38 MiB
llama_kv_cache: size =   18.38 MiB (  4096 cells,   3 layers,  1/1 seqs), K (q8_0):    6.38 MiB, V (f16):   12.00 MiB
llama_kv_cache: attn_rot_k = 1, n_embd_head_k_all = 512
llama_kv_cache: attn_rot_v = 0, n_embd_head_k_all = 512
llama_kv_cache_iswa: creating     SWA KV cache, size = 768 cells
llama_kv_cache: the V embeddings have different sizes across layers and FA is not enabled - padding V cache to 512
llama_kv_cache: layer   0: dev = MTL0
llama_kv_cache: layer   1: dev = MTL0
llama_kv_cache: layer   2: dev = MTL0
llama_kv_cache: layer   3: dev = MTL0
llama_kv_cache: layer   4: filtered
llama_kv_cache: layer   5: dev = MTL0
llama_kv_cache: layer   6: dev = MTL0
llama_kv_cache: layer   7: dev = MTL0
llama_kv_cache: layer   8: dev = MTL0
llama_kv_cache: layer   9: filtered
llama_kv_cache: layer  10: dev = MTL0
llama_kv_cache: layer  11: dev = MTL0
llama_kv_cache: layer  12: dev = MTL0
llama_kv_cache: layer  13: dev = MTL0
llama_kv_cache: layer  14: filtered
llama_kv_cache: layer  15: does not have KV cache
llama_kv_cache: layer  16: does not have KV cache
llama_kv_cache: layer  17: does not have KV cache
llama_kv_cache: layer  18: does not have KV cache
llama_kv_cache: layer  19: does not have KV cache
llama_kv_cache: layer  20: does not have KV cache
llama_kv_cache: layer  21: does not have KV cache
llama_kv_cache: layer  22: does not have KV cache
llama_kv_cache: layer  23: does not have KV cache
llama_kv_cache: layer  24: does not have KV cache
llama_kv_cache: layer  25: does not have KV cache
llama_kv_cache: layer  26: does not have KV cache
llama_kv_cache: layer  27: does not have KV cache
llama_kv_cache: layer  28: does not have KV cache
llama_kv_cache: layer  29: does not have KV cache
llama_kv_cache: layer  30: does not have KV cache
llama_kv_cache: layer  31: does not have KV cache
llama_kv_cache: layer  32: does not have KV cache
llama_kv_cache: layer  33: does not have KV cache
llama_kv_cache: layer  34: does not have KV cache
llama_kv_cache: reusing layers:
llama_kv_cache: - layer   0: no reuse
llama_kv_cache: - layer   1: no reuse
llama_kv_cache: - layer   2: no reuse
llama_kv_cache: - layer   3: no reuse
llama_kv_cache: - layer   4: no reuse
llama_kv_cache: - layer   5: no reuse
llama_kv_cache: - layer   6: no reuse
llama_kv_cache: - layer   7: no reuse
llama_kv_cache: - layer   8: no reuse
llama_kv_cache: - layer   9: no reuse
llama_kv_cache: - layer  10: no reuse
llama_kv_cache: - layer  11: no reuse
llama_kv_cache: - layer  12: no reuse
llama_kv_cache: - layer  13: no reuse
llama_kv_cache: - layer  14: no reuse
llama_kv_cache: - layer  15: reuse layer 13, is_swa = 1
llama_kv_cache: - layer  16: reuse layer 13, is_swa = 1
llama_kv_cache: - layer  17: reuse layer 13, is_swa = 1
llama_kv_cache: - layer  18: reuse layer 13, is_swa = 1
llama_kv_cache: - layer  19: filtered
llama_kv_cache: - layer  20: reuse layer 13, is_swa = 1
llama_kv_cache: - layer  21: reuse layer 13, is_swa = 1
llama_kv_cache: - layer  22: reuse layer 13, is_swa = 1
llama_kv_cache: - layer  23: reuse layer 13, is_swa = 1
llama_kv_cache: - layer  24: filtered
llama_kv_cache: - layer  25: reuse layer 13, is_swa = 1
llama_kv_cache: - layer  26: reuse layer 13, is_swa = 1
llama_kv_cache: - layer  27: reuse layer 13, is_swa = 1
llama_kv_cache: - layer  28: reuse layer 13, is_swa = 1
llama_kv_cache: - layer  29: filtered
llama_kv_cache: - layer  30: reuse layer 13, is_swa = 1
llama_kv_cache: - layer  31: reuse layer 13, is_swa = 1
llama_kv_cache: - layer  32: reuse layer 13, is_swa = 1
llama_kv_cache: - layer  33: reuse layer 13, is_swa = 1
llama_kv_cache: - layer  34: filtered
llama_kv_cache:       MTL0 KV buffer size =    11.39 MiB
llama_kv_cache: size =   11.39 MiB (   768 cells,  12 layers,  1/1 seqs), K (q8_0):    2.39 MiB, V (f16):    9.00 MiB
llama_kv_cache: attn_rot_k = 1, n_embd_head_k_all = 256
llama_kv_cache: attn_rot_v = 0, n_embd_head_k_all = 256
llama_context: enumerating backends
llama_context: backend_ptrs.size() = 3
sched_reserve: reserving ...
sched_reserve: max_nodes = 4816
sched_reserve: reserving full memory module
sched_reserve: worst-case: n_tokens = 128, n_seqs = 1, n_outputs = 1
resolve_fused_ops: resolving fused DeepSeek V4 HC support:
graph_reserve: reserving a graph for ubatch with n_tokens =    1, n_seqs =  1, n_outputs =    1
resolve_fused_ops: fused DeepSeek V4 HC pre enabled
graph_reserve: reserving a graph for ubatch with n_tokens =    1, n_seqs =  1, n_outputs =    1
resolve_fused_ops: fused DeepSeek V4 HC comb enabled
graph_reserve: reserving a graph for ubatch with n_tokens =    1, n_seqs =  1, n_outputs =    1
resolve_fused_ops: fused DeepSeek V4 HC post enabled
graph_reserve: reserving a graph for ubatch with n_tokens =  128, n_seqs =  1, n_outputs =  128
graph_reserve: reserving a graph for ubatch with n_tokens =    1, n_seqs =  1, n_outputs =    1
graph_reserve: reserving a graph for ubatch with n_tokens =  128, n_seqs =  1, n_outputs =  128
sched_reserve:       MTL0 compute buffer size =   129.50 MiB
sched_reserve:        CPU compute buffer size =    10.50 MiB
sched_reserve: graph nodes  = 1793
sched_reserve: graph splits = 2
sched_reserve: reserve took 14.34 ms, sched copies = 1
attach_threadpool: call
set_n_threads: n_threads = 2, n_threads_batch = 2
ggml_metal_library_compile_pipeline: compiling pipeline: base = 'kernel_unary_f32_f32_4', name = 'kernel_unary_f32_f32_4_op=10_cnt=0'
ggml_metal_library_compile_pipeline: loaded kernel_unary_f32_f32_4_op=10_cnt=0            0x101a2c970 | th_max = 1024 | th_width =   32
ggml_metal_library_compile_pipeline: compiling pipeline: base = 'kernel_rms_norm_mul_f32_4', name = 'kernel_rms_norm_mul_f32_4'
ggml_metal_library_compile_pipeline: loaded kernel_rms_norm_mul_f32_4                     0x101a2d1f0 | th_max = 1024 | th_width =   32
ggml_metal_library_compile_pipeline: compiling pipeline: base = 'kernel_mul_mm_q6_K_f32', name = 'kernel_mul_mm_q6_K_f32_bci=0_bco=0_ne12=1_ne13=1_r2=1_r3=1'
ggml_metal_library_compile_pipeline: loaded kernel_mul_mm_q6_K_f32_bci=0_bco=0_ne12=1_ne13=1_r2=1_r3=1      0x101a2da70 | th_max = 1024 | th_width =   32
ggml_metal_library_compile_pipeline: compiling pipeline: base = 'kernel_mul_mm_q5_K_f32', name = 'kernel_mul_mm_q5_K_f32_bci=0_bco=0_ne12=1_ne13=1_r2=1_r3=1'
ggml_metal_library_compile_pipeline: loaded kernel_mul_mm_q5_K_f32_bci=0_bco=0_ne12=1_ne13=1_r2=1_r3=1      0x101a2e2f0 | th_max = 1024 | th_width =   32
ggml_metal_library_compile_pipeline: compiling pipeline: base = 'kernel_rms_norm_f32_4', name = 'kernel_rms_norm_f32_4'
ggml_metal_library_compile_pipeline: loaded kernel_rms_norm_f32_4                         0x101a2e670 | th_max = 1024 | th_width =   32
ggml_metal_library_compile_pipeline: compiling pipeline: base = 'kernel_rope_neox_f32', name = 'kernel_rope_neox_f32_imrope=0_is_back=0'
ggml_metal_library_compile_pipeline: loaded kernel_rope_neox_f32_imrope=0_is_back=0       0x101a2e9f0 | th_max = 1024 | th_width =   32
ggml_metal_library_compile_pipeline: compiling pipeline: base = 'kernel_fwht_f32_256', name = 'kernel_fwht_f32_256'
ggml_metal_library_compile_pipeline: loaded kernel_fwht_f32_256                           0xc238bc000 | th_max = 1024 | th_width =   32
ggml_metal_library_compile_pipeline: compiling pipeline: base = 'kernel_set_rows_f32_i64_q8_0', name = 'kernel_set_rows_f32_i64_q8_0'
ggml_metal_library_compile_pipeline: loaded kernel_set_rows_f32_i64_q8_0                  0xc238bc380 | th_max = 1024 | th_width =   32
ggml_metal_library_compile_pipeline: compiling pipeline: base = 'kernel_pad_f32', name = 'kernel_pad_f32'
ggml_metal_library_compile_pipeline: loaded kernel_pad_f32                                0xc238bc700 | th_max = 1024 | th_width =   32
ggml_metal_library_compile_pipeline: compiling pipeline: base = 'kernel_set_rows_f32_i64_f16', name = 'kernel_set_rows_f32_i64_f16'
ggml_metal_library_compile_pipeline: loaded kernel_set_rows_f32_i64_f16                   0xc238bca80 | th_max = 1024 | th_width =   32
ggml_metal_library_compile_pipeline: compiling pipeline: base = 'kernel_mul_mm_q8_0_f32', name = 'kernel_mul_mm_q8_0_f32_bci=0_bco=0_ne12=8_ne13=1_r2=8_r3=1'
ggml_metal_library_compile_pipeline: loaded kernel_mul_mm_q8_0_f32_bci=0_bco=0_ne12=8_ne13=1_r2=8_r3=1      0xc238bce00 | th_max = 1024 | th_width =   32
ggml_metal_library_compile_pipeline: compiling pipeline: base = 'kernel_mul_mm_bf16_f32', name = 'kernel_mul_mm_bf16_f32_bci=0_bco=0_ne12=1_ne13=1_r2=1_r3=1'
ggml_metal_library_compile_pipeline: loaded kernel_mul_mm_bf16_f32_bci=0_bco=0_ne12=1_ne13=1_r2=1_r3=1      0xc238bd180 | th_max = 1024 | th_width =   32
ggml_metal_library_compile_pipeline: compiling pipeline: base = 'kernel_soft_max_f32_4', name = 'kernel_soft_max_f32_4'
ggml_metal_library_compile_pipeline: loaded kernel_soft_max_f32_4                         0xc238bd500 | th_max = 1024 | th_width =   32
ggml_metal_library_compile_pipeline: compiling pipeline: base = 'kernel_mul_mm_f16_f32', name = 'kernel_mul_mm_f16_f32_bci=0_bco=0_ne12=8_ne13=1_r2=8_r3=1'
ggml_metal_library_compile_pipeline: loaded kernel_mul_mm_f16_f32_bci=0_bco=0_ne12=8_ne13=1_r2=8_r3=1      0xc238bd880 | th_max = 1024 | th_width =   32
ggml_metal_library_compile_pipeline: compiling pipeline: base = 'kernel_rms_norm_mul_add_f32_4', name = 'kernel_rms_norm_mul_add_f32_4'
ggml_metal_library_compile_pipeline: loaded kernel_rms_norm_mul_add_f32_4                 0xc238bdc00 | th_max = 1024 | th_width =   32
ggml_metal_library_compile_pipeline: compiling pipeline: base = 'kernel_cpy_f32_f32', name = 'kernel_cpy_f32_f32'
ggml_metal_library_compile_pipeline: loaded kernel_cpy_f32_f32                            0xc238bdf80 | th_max = 1024 | th_width =   32
ggml_metal_library_compile_pipeline: compiling pipeline: base = 'kernel_mul_mm_q4_K_f32', name = 'kernel_mul_mm_q4_K_f32_bci=0_bco=0_ne12=1_ne13=1_r2=1_r3=1'
ggml_metal_library_compile_pipeline: loaded kernel_mul_mm_q4_K_f32_bci=0_bco=0_ne12=1_ne13=1_r2=1_r3=1      0xc238be300 | th_max = 1024 | th_width =   32
ggml_metal_library_compile_pipeline: compiling pipeline: base = 'kernel_geglu_f32', name = 'kernel_geglu_f32'
ggml_metal_library_compile_pipeline: loaded kernel_geglu_f32                              0xc238be680 | th_max = 1024 | th_width =   32
ggml_metal_library_compile_pipeline: compiling pipeline: base = 'kernel_unary_f32_f32_4', name = 'kernel_unary_f32_f32_4_op=103_cnt=0'
ggml_metal_library_compile_pipeline: loaded kernel_unary_f32_f32_4_op=103_cnt=0           0xc238bea00 | th_max = 1024 | th_width =   32
ggml_metal_library_compile_pipeline: compiling pipeline: base = 'kernel_bin_fuse_f32_f32_f32_4', name = 'kernel_bin_fuse_f32_f32_f32_4_op=2_nf=1_rb=0_cb=0'
ggml_metal_library_compile_pipeline: loaded kernel_bin_fuse_f32_f32_f32_4_op=2_nf=1_rb=0_cb=0      0xc238bed80 | th_max = 1024 | th_width =   32
ggml_metal_library_compile_pipeline: compiling pipeline: base = 'kernel_bin_fuse_f32_f32_f32_4', name = 'kernel_bin_fuse_f32_f32_f32_4_op=0_nf=1_rb=0_cb=0'
ggml_metal_library_compile_pipeline: loaded kernel_bin_fuse_f32_f32_f32_4_op=0_nf=1_rb=0_cb=0      0xc238bf100 | th_max = 1024 | th_width =   32
ggml_metal_library_compile_pipeline: compiling pipeline: base = 'kernel_bin_fuse_f32_f32_f32', name = 'kernel_bin_fuse_f32_f32_f32_op=2_nf=1_rb=0_cb=1'
ggml_metal_library_compile_pipeline: loaded kernel_bin_fuse_f32_f32_f32_op=2_nf=1_rb=0_cb=1      0xc238bf480 | th_max = 1024 | th_width =   32
ggml_metal_library_compile_pipeline: compiling pipeline: base = 'kernel_fwht_f32_512', name = 'kernel_fwht_f32_512'
ggml_metal_library_compile_pipeline: loaded kernel_fwht_f32_512                           0xc238bfb80 | th_max = 1024 | th_width =   32
ggml_metal_library_compile_pipeline: compiling pipeline: base = 'kernel_get_rows_f32', name = 'kernel_get_rows_f32'
ggml_metal_library_compile_pipeline: loaded kernel_get_rows_f32                           0xc238fc000 | th_max = 1024 | th_width =   32
ggml_metal_library_compile_pipeline: compiling pipeline: base = 'kernel_mul_mv_q6_K_f32', name = 'kernel_mul_mv_q6_K_f32_nsg=2_ne12=1_r2=1_r3=1_split=0'
ggml_metal_library_compile_pipeline: loaded kernel_mul_mv_q6_K_f32_nsg=2_ne12=1_r2=1_r3=1_split=0      0xc238fca80 | th_max = 1024 | th_width =   32
ggml_metal_library_compile_pipeline: compiling pipeline: base = 'kernel_unary_f32_f32_4', name = 'kernel_unary_f32_f32_4_op=100_cnt=0'
ggml_metal_library_compile_pipeline: loaded kernel_unary_f32_f32_4_op=100_cnt=0           0xc238fce00 | th_max = 1024 | th_width =   32
set_n_threads: n_threads = 2, n_threads_batch = 2
set_n_threads: n_threads = 2, n_threads_batch = 2
state_read_meta: cell_count = 3456, dest_seq_id = 0
state_read_meta: cell_count = 512, dest_seq_id = 0
set_n_threads: n_threads = 2, n_threads_batch = 2
apply_ubatch: purging positions [2944, 3199] of sequence 0 from KV cache
state_read_meta: cell_count = 3456, dest_seq_id = 0
state_read_meta: cell_count = 512, dest_seq_id = 0
set_n_threads: n_threads = 2, n_threads_batch = 2
apply_ubatch: purging positions [2944, 3199] of sequence 0 from KV cache
llama_perf_context_print:        load time =     842.43 ms
llama_perf_context_print: prompt eval time =       0.00 ms /  5504 tokens (    0.00 ms per token,      inf tokens per second)
llama_perf_context_print:        eval time =       0.00 ms /     1 runs   (    0.00 ms per token,      inf tokens per second)
llama_perf_context_print:       total time =    5783.93 ms /  5505 tokens
llama_perf_context_print:    graphs reused =         16
~llama_context:       MTL0 compute buffer size is 129.5000 MiB, matches expectation of 129.5000 MiB
~llama_context:        CPU compute buffer size is  10.5039 MiB, matches expectation of  10.5039 MiB
~llama_context:        CPU compute buffer size is   0.0000 MiB, matches expectation of   0.0000 MiB
ggml_metal_free: deallocating
llama_context: constructing llama_context
llama_context: n_seq_max             = 1
llama_context: n_ctx                 = 3584
llama_context: n_ctx_seq             = 3584
llama_context: n_batch               = 2048
llama_context: n_ubatch              = 128
llama_context: causal_attn           = 1
llama_context: flash_attn            = disabled
llama_context: kv_unified            = false
llama_context: freq_base             = 1000000.0
llama_context: freq_scale            = 1
llama_context: n_rs_seq              = 0
llama_context: n_outputs_max         = 2048
llama_context: n_outputs_max_per_seq = 1
llama_context: n_ctx_seq (3584) < n_ctx_train (131072) -- the full capacity of the model will not be utilized
ggml_metal_init: allocating
ggml_metal_init: found device: Apple M4 Pro
ggml_metal_init: picking default device: Apple M4 Pro
ggml_metal_init: use fusion         = true
ggml_metal_init: use concurrency    = true
ggml_metal_init: use graph optimize = true
set_abort_callback: call
llama_context:        CPU  output buffer size =     1.00 MiB
llama_kv_cache_iswa: creating non-SWA KV cache, size = 3584 cells
llama_kv_cache: the V embeddings have different sizes across layers and FA is not enabled - padding V cache to 512
llama_kv_cache: layer   0: filtered
llama_kv_cache: layer   1: filtered
llama_kv_cache: layer   2: filtered
llama_kv_cache: layer   3: filtered
llama_kv_cache: layer   4: dev = MTL0
llama_kv_cache: layer   5: filtered
llama_kv_cache: layer   6: filtered
llama_kv_cache: layer   7: filtered
llama_kv_cache: layer   8: filtered
llama_kv_cache: layer   9: dev = MTL0
llama_kv_cache: layer  10: filtered
llama_kv_cache: layer  11: filtered
llama_kv_cache: layer  12: filtered
llama_kv_cache: layer  13: filtered
llama_kv_cache: layer  14: dev = MTL0
llama_kv_cache: layer  15: does not have KV cache
llama_kv_cache: layer  16: does not have KV cache
llama_kv_cache: layer  17: does not have KV cache
llama_kv_cache: layer  18: does not have KV cache
llama_kv_cache: layer  19: does not have KV cache
llama_kv_cache: layer  20: does not have KV cache
llama_kv_cache: layer  21: does not have KV cache
llama_kv_cache: layer  22: does not have KV cache
llama_kv_cache: layer  23: does not have KV cache
llama_kv_cache: layer  24: does not have KV cache
llama_kv_cache: layer  25: does not have KV cache
llama_kv_cache: layer  26: does not have KV cache
llama_kv_cache: layer  27: does not have KV cache
llama_kv_cache: layer  28: does not have KV cache
llama_kv_cache: layer  29: does not have KV cache
llama_kv_cache: layer  30: does not have KV cache
llama_kv_cache: layer  31: does not have KV cache
llama_kv_cache: layer  32: does not have KV cache
llama_kv_cache: layer  33: does not have KV cache
llama_kv_cache: layer  34: does not have KV cache
llama_kv_cache: reusing layers:
llama_kv_cache: - layer   0: no reuse
llama_kv_cache: - layer   1: no reuse
llama_kv_cache: - layer   2: no reuse
llama_kv_cache: - layer   3: no reuse
llama_kv_cache: - layer   4: no reuse
llama_kv_cache: - layer   5: no reuse
llama_kv_cache: - layer   6: no reuse
llama_kv_cache: - layer   7: no reuse
llama_kv_cache: - layer   8: no reuse
llama_kv_cache: - layer   9: no reuse
llama_kv_cache: - layer  10: no reuse
llama_kv_cache: - layer  11: no reuse
llama_kv_cache: - layer  12: no reuse
llama_kv_cache: - layer  13: no reuse
llama_kv_cache: - layer  14: no reuse
llama_kv_cache: - layer  15: filtered
llama_kv_cache: - layer  16: filtered
llama_kv_cache: - layer  17: filtered
llama_kv_cache: - layer  18: filtered
llama_kv_cache: - layer  19: reuse layer 14, is_swa = 0
llama_kv_cache: - layer  20: filtered
llama_kv_cache: - layer  21: filtered
llama_kv_cache: - layer  22: filtered
llama_kv_cache: - layer  23: filtered
llama_kv_cache: - layer  24: reuse layer 14, is_swa = 0
llama_kv_cache: - layer  25: filtered
llama_kv_cache: - layer  26: filtered
llama_kv_cache: - layer  27: filtered
llama_kv_cache: - layer  28: filtered
llama_kv_cache: - layer  29: reuse layer 14, is_swa = 0
llama_kv_cache: - layer  30: filtered
llama_kv_cache: - layer  31: filtered
llama_kv_cache: - layer  32: filtered
llama_kv_cache: - layer  33: filtered
llama_kv_cache: - layer  34: reuse layer 14, is_swa = 0
llama_kv_cache:       MTL0 KV buffer size =    16.08 MiB
llama_kv_cache: size =   16.08 MiB (  3584 cells,   3 layers,  1/1 seqs), K (q8_0):    5.58 MiB, V (f16):   10.50 MiB
llama_kv_cache: attn_rot_k = 1, n_embd_head_k_all = 512
llama_kv_cache: attn_rot_v = 0, n_embd_head_k_all = 512
llama_kv_cache_iswa: creating     SWA KV cache, size = 768 cells
llama_kv_cache: the V embeddings have different sizes across layers and FA is not enabled - padding V cache to 512
llama_kv_cache: layer   0: dev = MTL0
llama_kv_cache: layer   1: dev = MTL0
llama_kv_cache: layer   2: dev = MTL0
llama_kv_cache: layer   3: dev = MTL0
llama_kv_cache: layer   4: filtered
llama_kv_cache: layer   5: dev = MTL0
llama_kv_cache: layer   6: dev = MTL0
llama_kv_cache: layer   7: dev = MTL0
llama_kv_cache: layer   8: dev = MTL0
llama_kv_cache: layer   9: filtered
llama_kv_cache: layer  10: dev = MTL0
llama_kv_cache: layer  11: dev = MTL0
llama_kv_cache: layer  12: dev = MTL0
llama_kv_cache: layer  13: dev = MTL0
llama_kv_cache: layer  14: filtered
llama_kv_cache: layer  15: does not have KV cache
llama_kv_cache: layer  16: does not have KV cache
llama_kv_cache: layer  17: does not have KV cache
llama_kv_cache: layer  18: does not have KV cache
llama_kv_cache: layer  19: does not have KV cache
llama_kv_cache: layer  20: does not have KV cache
llama_kv_cache: layer  21: does not have KV cache
llama_kv_cache: layer  22: does not have KV cache
llama_kv_cache: layer  23: does not have KV cache
llama_kv_cache: layer  24: does not have KV cache
llama_kv_cache: layer  25: does not have KV cache
llama_kv_cache: layer  26: does not have KV cache
llama_kv_cache: layer  27: does not have KV cache
llama_kv_cache: layer  28: does not have KV cache
llama_kv_cache: layer  29: does not have KV cache
llama_kv_cache: layer  30: does not have KV cache
llama_kv_cache: layer  31: does not have KV cache
llama_kv_cache: layer  32: does not have KV cache
llama_kv_cache: layer  33: does not have KV cache
llama_kv_cache: layer  34: does not have KV cache
llama_kv_cache: reusing layers:
llama_kv_cache: - layer   0: no reuse
llama_kv_cache: - layer   1: no reuse
llama_kv_cache: - layer   2: no reuse
llama_kv_cache: - layer   3: no reuse
llama_kv_cache: - layer   4: no reuse
llama_kv_cache: - layer   5: no reuse
llama_kv_cache: - layer   6: no reuse
llama_kv_cache: - layer   7: no reuse
llama_kv_cache: - layer   8: no reuse
llama_kv_cache: - layer   9: no reuse
llama_kv_cache: - layer  10: no reuse
llama_kv_cache: - layer  11: no reuse
llama_kv_cache: - layer  12: no reuse
llama_kv_cache: - layer  13: no reuse
llama_kv_cache: - layer  14: no reuse
llama_kv_cache: - layer  15: reuse layer 13, is_swa = 1
llama_kv_cache: - layer  16: reuse layer 13, is_swa = 1
llama_kv_cache: - layer  17: reuse layer 13, is_swa = 1
llama_kv_cache: - layer  18: reuse layer 13, is_swa = 1
llama_kv_cache: - layer  19: filtered
llama_kv_cache: - layer  20: reuse layer 13, is_swa = 1
llama_kv_cache: - layer  21: reuse layer 13, is_swa = 1
llama_kv_cache: - layer  22: reuse layer 13, is_swa = 1
llama_kv_cache: - layer  23: reuse layer 13, is_swa = 1
llama_kv_cache: - layer  24: filtered
llama_kv_cache: - layer  25: reuse layer 13, is_swa = 1
llama_kv_cache: - layer  26: reuse layer 13, is_swa = 1
llama_kv_cache: - layer  27: reuse layer 13, is_swa = 1
llama_kv_cache: - layer  28: reuse layer 13, is_swa = 1
llama_kv_cache: - layer  29: filtered
llama_kv_cache: - layer  30: reuse layer 13, is_swa = 1
llama_kv_cache: - layer  31: reuse layer 13, is_swa = 1
llama_kv_cache: - layer  32: reuse layer 13, is_swa = 1
llama_kv_cache: - layer  33: reuse layer 13, is_swa = 1
llama_kv_cache: - layer  34: filtered
llama_kv_cache:       MTL0 KV buffer size =    11.39 MiB
llama_kv_cache: size =   11.39 MiB (   768 cells,  12 layers,  1/1 seqs), K (q8_0):    2.39 MiB, V (f16):    9.00 MiB
llama_kv_cache: attn_rot_k = 1, n_embd_head_k_all = 256
llama_kv_cache: attn_rot_v = 0, n_embd_head_k_all = 256
llama_context: enumerating backends
llama_context: backend_ptrs.size() = 3
sched_reserve: reserving ...
sched_reserve: max_nodes = 4816
sched_reserve: reserving full memory module
sched_reserve: worst-case: n_tokens = 128, n_seqs = 1, n_outputs = 1
resolve_fused_ops: resolving fused DeepSeek V4 HC support:
graph_reserve: reserving a graph for ubatch with n_tokens =    1, n_seqs =  1, n_outputs =    1
resolve_fused_ops: fused DeepSeek V4 HC pre enabled
graph_reserve: reserving a graph for ubatch with n_tokens =    1, n_seqs =  1, n_outputs =    1
resolve_fused_ops: fused DeepSeek V4 HC comb enabled
graph_reserve: reserving a graph for ubatch with n_tokens =    1, n_seqs =  1, n_outputs =    1
resolve_fused_ops: fused DeepSeek V4 HC post enabled
graph_reserve: reserving a graph for ubatch with n_tokens =  128, n_seqs =  1, n_outputs =  128
graph_reserve: reserving a graph for ubatch with n_tokens =    1, n_seqs =  1, n_outputs =    1
graph_reserve: reserving a graph for ubatch with n_tokens =  128, n_seqs =  1, n_outputs =  128
sched_reserve:       MTL0 compute buffer size =   129.50 MiB
sched_reserve:        CPU compute buffer size =    10.25 MiB
sched_reserve: graph nodes  = 1793
sched_reserve: graph splits = 2
sched_reserve: reserve took 14.80 ms, sched copies = 1
attach_threadpool: call
set_n_threads: n_threads = 2, n_threads_batch = 2
ggml_metal_library_compile_pipeline: compiling pipeline: base = 'kernel_unary_f32_f32_4', name = 'kernel_unary_f32_f32_4_op=10_cnt=1'
ggml_metal_library_compile_pipeline: loaded kernel_unary_f32_f32_4_op=10_cnt=1            0xc238fc700 | th_max = 1024 | th_width =   32
ggml_metal_library_compile_pipeline: compiling pipeline: base = 'kernel_mul_mv_q5_K_f32', name = 'kernel_mul_mv_q5_K_f32_nsg=2_ne12=1_r2=1_r3=1_split=0'
ggml_metal_library_compile_pipeline: loaded kernel_mul_mv_q5_K_f32_nsg=2_ne12=1_r2=1_r3=1_split=0      0xc238fd180 | th_max = 1024 | th_width =   32
ggml_metal_library_compile_pipeline: compiling pipeline: base = 'kernel_mul_mv_q8_0_f32', name = 'kernel_mul_mv_q8_0_f32_nsg=4_ne12=8_r2=8_r3=1_split=0'
ggml_metal_library_compile_pipeline: loaded kernel_mul_mv_q8_0_f32_nsg=4_ne12=8_r2=8_r3=1_split=0      0xc238fd500 | th_max = 1024 | th_width =   32
ggml_metal_library_compile_pipeline: compiling pipeline: base = 'kernel_mul_mv_bf16_f32_4', name = 'kernel_mul_mv_bf16_f32_4_nsg=4_ne12=1_r2=1_r3=1_split=0'
ggml_metal_library_compile_pipeline: loaded kernel_mul_mv_bf16_f32_4_nsg=4_ne12=1_r2=1_r3=1_split=0      0xc238fd880 | th_max = 1024 | th_width =   32
ggml_metal_library_compile_pipeline: compiling pipeline: base = 'kernel_mul_mv_f16_f32_4', name = 'kernel_mul_mv_f16_f32_4_nsg=2_ne12=8_r2=8_r3=1_split=0'
ggml_metal_library_compile_pipeline: loaded kernel_mul_mv_f16_f32_4_nsg=2_ne12=8_r2=8_r3=1_split=0      0xc238fdc00 | th_max = 1024 | th_width =   32
ggml_metal_library_compile_pipeline: compiling pipeline: base = 'kernel_mul_mv_q4_K_f32', name = 'kernel_mul_mv_q4_K_f32_nsg=2_ne12=1_r2=1_r3=1_split=0'
ggml_metal_library_compile_pipeline: loaded kernel_mul_mv_q4_K_f32_nsg=2_ne12=1_r2=1_r3=1_split=0      0xc238fdf80 | th_max = 1024 | th_width =   32
ggml_metal_library_compile_pipeline: compiling pipeline: base = 'kernel_unary_f32_f32_4', name = 'kernel_unary_f32_f32_4_op=103_cnt=1'
ggml_metal_library_compile_pipeline: loaded kernel_unary_f32_f32_4_op=103_cnt=1           0xc238fe300 | th_max = 1024 | th_width =   32
ggml_metal_library_compile_pipeline: compiling pipeline: base = 'kernel_bin_fuse_f32_f32_f32_4', name = 'kernel_bin_fuse_f32_f32_f32_4_op=2_nf=1_rb=1_cb=0'
ggml_metal_library_compile_pipeline: loaded kernel_bin_fuse_f32_f32_f32_4_op=2_nf=1_rb=1_cb=0      0xc238fe680 | th_max = 1024 | th_width =   32
ggml_metal_library_compile_pipeline: compiling pipeline: base = 'kernel_bin_fuse_f32_f32_f32_4', name = 'kernel_bin_fuse_f32_f32_f32_4_op=0_nf=1_rb=1_cb=0'
ggml_metal_library_compile_pipeline: loaded kernel_bin_fuse_f32_f32_f32_4_op=0_nf=1_rb=1_cb=0      0xc238fea00 | th_max = 1024 | th_width =   32
ggml_metal_library_compile_pipeline: compiling pipeline: base = 'kernel_bin_fuse_f32_f32_f32', name = 'kernel_bin_fuse_f32_f32_f32_op=2_nf=1_rb=1_cb=1'
ggml_metal_library_compile_pipeline: loaded kernel_bin_fuse_f32_f32_f32_op=2_nf=1_rb=1_cb=1      0xc238fed80 | th_max = 1024 | th_width =   32
state_read_meta: cell_count = 3456, dest_seq_id = 0
state_read_meta: cell_count = 512, dest_seq_id = 0
set_n_threads: n_threads = 2, n_threads_batch = 2
ggml_metal_library_compile_pipeline: compiling pipeline: base = 'kernel_mul_mv_f16_f32_4', name = 'kernel_mul_mv_f16_f32_4_nsg=4_ne12=8_r2=8_r3=1_split=0'
ggml_metal_library_compile_pipeline: loaded kernel_mul_mv_f16_f32_4_nsg=4_ne12=8_r2=8_r3=1_split=0      0xc238fc380 | th_max = 1024 | th_width =   32
state_read_meta: cell_count = 3456, dest_seq_id = 0
state_read_meta: cell_count = 512, dest_seq_id = 0
set_n_threads: n_threads = 2, n_threads_batch = 2
state_read_meta: cell_count = 3456, dest_seq_id = 0
state_read_meta: cell_count = 512, dest_seq_id = 0
set_n_threads: n_threads = 2, n_threads_batch = 2
llama_perf_context_print:        load time =    5817.36 ms
llama_perf_context_print: prompt eval time =       0.00 ms /     1 tokens (    0.00 ms per token,      inf tokens per second)
llama_perf_context_print:        eval time =       0.00 ms /   385 runs   (    0.00 ms per token,      inf tokens per second)
llama_perf_context_print:       total time =   11017.03 ms /   386 tokens
llama_perf_context_print:    graphs reused =        383
~llama_context:       MTL0 compute buffer size is 129.5000 MiB, matches expectation of 129.5000 MiB
~llama_context:        CPU compute buffer size is  10.2539 MiB, matches expectation of  10.2539 MiB
~llama_context:        CPU compute buffer size is   0.0000 MiB, matches expectation of   0.0000 MiB
ggml_metal_free: deallocating
       11.30 real         0.89 user         0.39 sys
          3717955584  maximum resident set size
                   0  average shared memory size
                   0  average unshared data size
                   0  average unshared stack size
              232735  page reclaims
                  15  page faults
                   0  swaps
                   0  block input operations
                   0  block output operations
                   0  messages sent
                   0  messages received
                   0  signals received
                   0  voluntary context switches
                6932  involuntary context switches
         16707931824  instructions retired
          4953699063  cycles elapsed
           303828352  peak memory footprint
